anonymousId,Qualtrics performed,Exp2 performed,Exp3 performed,Teacher,Duration_qualtrics,Country,Experience,CS_Classes,Expertise_1,Expertise_2,Expertise_3,Expertise_4,Expertise_5,Expertise_5_TEXT,1_CTT_1_Eng,2_CTT_2_Eng,3_CTT_3_Eng,4_CTT_4_Eng,5_CTT_5_Eng,6_CTT_6_Eng,7_CTT_7_Eng,8_CTT_8_Eng,9_CTT_9_Eng,10_CTT_10_Eng,11_CTT_11_Eng,12_CTT_12_Eng,13_CTT_13_Eng,14_CTT_14_Eng,15_CTT_15_Eng,16_Bebras_1_Eng,17_Bebras_2_Eng,18_Bebras_3_Eng,19_Bebras_4_Eng,20_Bebras_5_Eng,21_Bebras_6_Eng,22_Bebras_7_Eng,23_Bebras_8_Eng,24_Bebras_9_Eng,Year,Gender,Gender_3_TEXT,Language1,Language2,Bool,Exp2 Type,Exp3 Type,Same exp type,2_1,2_2,2_3,2_4,2_5,2_6,2_7,2_8,2_Bonus Task,3_1,3_2,3_3,3_4,3_5,3_6,3_Bonus Task,exp2 nbr performed,exp3 nbr performed,2_1_duration,2_2_duration,2_3_duration,2_4_duration,2_5_duration,2_6_duration,2_7_duration,2_8_duration,2_Bonus Task_duration,3_1_duration,3_2_duration,3_3_duration,3_4_duration,3_5_duration,3_6_duration,3_Bonus Task_duration,2_1_goodExampleUsed,2_2_goodExampleUsed,2_3_goodExampleUsed,2_4_goodExampleUsed,2_5_goodExampleUsed,2_6_goodExampleUsed,2_7_goodExampleUsed,2_8_goodExampleUsed,2_Bonus Task_goodExampleUsed,3_1_goodExampleUsed,3_2_goodExampleUsed,3_3_goodExampleUsed,3_4_goodExampleUsed,3_5_goodExampleUsed,3_6_goodExampleUsed,3_Bonus Task_goodExampleUsed,2_1_badExampleUsed,2_2_badExampleUsed,2_3_badExampleUsed,2_4_badExampleUsed,2_5_badExampleUsed,2_6_badExampleUsed,2_7_badExampleUsed,2_8_badExampleUsed,2_Bonus Task_badExampleUsed,3_1_badExampleUsed,3_2_badExampleUsed,3_3_badExampleUsed,3_4_badExampleUsed,3_5_badExampleUsed,3_6_badExampleUsed,3_Bonus Task_badExampleUsed,2_1_hintUsed,2_2_hintUsed,2_3_hintUsed,2_4_hintUsed,2_5_hintUsed,2_6_hintUsed,2_7_hintUsed,2_8_hintUsed,2_Bonus Task_hintUsed,3_1_hintUsed,3_2_hintUsed,3_3_hintUsed,3_4_hintUsed,3_5_hintUsed,3_6_hintUsed,3_Bonus Task_hintUsed,Expertise_sum,totalScore
6s4q+BaiL5aAyq05fOJ4/I36jlhPqy252nqoiQms+Ec=,TRUE,TRUE,TRUE,Mr Chen,689,Singapore,3,5,2,2,3,4,,,0,0,0,0,0,1,1,1,0,0,0,0,0,0,0,1,0,1,0,1,0,0,0,0,,,,,,TRUE,B,B,TRUE,1,0,1,0,1,1,1,0,-1,1,0,0,0,0,0,-1,8,6,64,211,606,204,135,424,706,301,,124,293,702,165,446,684,,,,,,,,,,,,,,,,,,,,,,,,,,,,,,,,,,,,,,,,,,,,,,,,,,11,6
q4bTMhFYK9JysIaPu/Glne6t49okkmCplDFt4+Lnjio=,TRUE,TRUE,TRUE,Chan may lun,1028,Singapore,2,3,2,2,3,2,,,1,1,0,0,0,1,1,1,0,1,1,0,0,0,1,1,0,1,0,0,1,1,0,1,,,,,,TRUE,B,B,TRUE,1,1,1,1,1,1,1,0,0,0,-1,-1,-1,-1,-1,-1,8,1,56,136,229,225,54,314,283,791,167,322,5,,,,,,,,,,,,,,,,,,,,,,,,,,,,,,,,,,,,,,,,,,,,,,,,,,,,,,9,13
+EIBAvzNzZ9JHmqlY2usTLt6sk+JpU4l7Drkz+VIsTk=,TRUE,TRUE,TRUE,Ms Chua,1153,Singapore,3,5,2,3,2,2,,,1,1,1,1,1,0,1,0,1,1,1,1,1,1,1,1,1,1,1,1,1,1,1,1,,,,,,TRUE,A,A,TRUE,1,1,1,1,1,1,1,1,1,1,1,1,0,1,1,0,8,6,19,69,161,119,21,49,455,439,895,45,156,155,848,293,269,180,0,0,0,0,0,0,0,0,,,0,0,1,0,,,0,0,0,0,0,0,0,0,,,0,0,1,0,,,0,0,0,0,0,0,1,0,,0,0,0,1,1,,,9,22
avBFNZbpf1PzL0Zn2vE1hKMg5EODpWcIhHvHg7HnS3Q=,TRUE,TRUE,TRUE,Ms Chua,1263,Singapore,3,2,2,3,4,1,,,1,1,1,1,0,1,1,1,1,0,1,0,0,0,1,1,0,0,0,0,0,0,0,1,,,,,,TRUE,A,A,TRUE,1,1,1,0,1,1,0,-1,-1,0,1,0,0,-1,0,-1,7,5,24,176,164,210,33,865,998,,,471,268,584,322,,816,,0,0,0,0,0,0,0,,,,1,0,0,,,,0,0,0,0,0,0,0,,,,1,0,0,,,,0,0,0,1,0,0,0,,,1,0,0,1,,,,10,12
fZF5WMHrQTsHe066bpFEPJEu8LaXMXafREyJ61NOB0c=,TRUE,TRUE,TRUE,Ms Chua,1312,Singapore,3,4,2,2,3,3,,,1,1,1,0,1,1,1,1,1,1,1,1,1,0,1,1,1,1,1,1,1,0,1,1,,,,,,TRUE,A,A,TRUE,1,1,1,0,1,1,1,1,0,1,1,0,0,1,-1,-1,8,5,37,72,195,386,58,231,311,905,138,91,72,891,153,379,979,,1,0,0,1,0,0,0,0,,,0,0,0,0,,,0,0,0,1,0,0,0,0,,,0,0,0,0,,,0,0,0,1,0,1,0,0,,0,0,0,0,0,,,10,21
dhZAhHbimTQ4pt3mVp3refpdsDnPuJMgxH8ZPokCDGg=,TRUE,TRUE,TRUE,Chia,1128,Singapore,2,5,2,3,2,2,,,1,1,1,1,0,1,1,1,0,0,1,0,1,1,1,1,1,1,1,0,1,1,0,1,,,,,,TRUE,A,A,TRUE,1,1,1,1,0,1,0,0,0,0,0,1,0,0,1,0,8,6,36,187,247,151,732,88,458,266,234,387,124,347,356,63,407,669,0,1,0,0,1,0,1,0,,,0,0,0,0,,,0,0,0,0,1,0,0,0,,,0,0,0,0,,,0,0,0,0,1,0,1,0,,0,0,0,0,0,,,9,18
pL6i7Apu5oXMzaHMBy6Qh24kmw7E3+6Tmmm42SuC4AE=,TRUE,TRUE,TRUE,Chia,1048,Singapore,3,2,3,3,3,4,,,1,1,0,0,1,1,1,1,1,1,1,0,1,0,1,1,0,1,1,1,1,0,0,1,,,,,,TRUE,A,A,TRUE,1,1,1,1,1,1,1,1,0,0,1,1,0,0,0,-1,8,6,55,284,360,429,92,232,302,409,659,367,661,326,464,138,122,26,0,0,0,0,0,0,0,0,,,0,1,0,0,,,0,0,0,0,0,0,0,0,,,0,0,0,0,,,0,0,1,0,0,0,0,0,,1,0,0,0,0,,,13,17
pd8FksAuL8AplfsMqQrqHqxM8f1G914+aosJ00uxuws=,TRUE,TRUE,TRUE,Mr Chen,1227,Singapore,4,5,4,2,4,2,,,1,1,1,0,1,1,1,1,0,1,1,0,1,1,1,1,1,1,1,1,1,1,1,1,,,,,,TRUE,A,A,TRUE,1,1,1,1,1,1,1,1,1,0,1,1,0,-1,-1,-1,8,4,23,101,229,253,29,146,163,523,520,577,272,315,584,,890,,0,1,0,0,0,0,0,1,,,0,0,0,,,,0,0,0,0,0,0,0,0,,,0,0,0,,,,0,0,0,1,0,1,0,1,,0,0,1,1,,,,12,21
23pCP8qlkOQS2otyaYbz5eFfRc1HBu1+nXdfEpp3/A8=,TRUE,TRUE,TRUE,Ms Chua,1399,Singapore,4,5,3,5,5,3,,,1,1,1,0,1,1,1,1,1,1,1,1,1,1,1,1,1,1,1,1,1,1,1,1,,,,,,TRUE,A,A,TRUE,1,1,1,0,1,1,1,1,0,1,1,1,1,1,0,-1,8,6,28,60,116,239,24,59,177,485,1322,74,219,100,324,308,1538,,1,0,0,1,0,0,0,0,,,0,0,0,0,,,1,0,0,0,0,0,0,0,,,0,0,0,0,,,0,0,0,0,0,0,0,1,,0,1,0,0,0,,,16,23
G8L4t2MEaelOVGCyB0pYLbNxE3LTudhGaQ58+gfalRA=,TRUE,TRUE,TRUE,Ms Chua,1479,Singapore,3,5,1,5,4,4,,"SmallBasic, EV3 Block, Flutter, ",1,1,1,1,1,1,1,0,1,0,1,1,1,1,1,1,1,1,1,1,1,0,1,1,,,,,,TRUE,B,B,TRUE,1,1,1,1,1,1,1,1,0,1,1,1,1,1,1,0,8,6,23,84,252,202,32,86,591,407,818,60,172,111,293,234,408,1255,,,,,,,,,,,,,,,,,,,,,,,,,,,,,,,,,,,,,,,,,,,,,,,,,14,21
+O9tbaXqYnEl2zrHwqyszwP8eDWjouEI9gg4zkIwPCI=,TRUE,TRUE,TRUE,Ms Chua,1495,Singapore,4,5,3,5,3,4,,,1,1,1,0,1,1,1,1,1,1,1,1,1,1,1,1,1,1,1,1,1,1,1,1,,,,,,TRUE,A,A,TRUE,1,1,1,1,1,1,1,1,1,1,1,1,1,1,0,0,8,6,22,240,261,294,19,51,793,278,497,86,65,71,366,167,984,267,0,1,0,1,0,0,0,0,,,0,0,0,0,,,0,1,0,1,0,0,0,0,,,0,0,0,0,,,0,0,0,1,0,0,1,0,,0,0,0,0,0,,,15,23
eJ4PR6Fagtg6QJaEiPW5mRZPW4Su60Z/Fo5zf9s+NCw=,TRUE,TRUE,TRUE,Mr Chen,1520,Singapore,2,1,2,4,2,2,,,1,1,1,1,1,1,1,0,0,0,1,1,1,1,1,1,1,1,1,1,1,0,1,1,,,,,,TRUE,A,A,TRUE,1,1,1,1,1,1,1,1,0,1,1,1,0,1,1,0,8,6,63,91,200,262,32,145,1138,666,1140,78,64,150,990,76,627,361,1,0,0,0,0,0,1,0,,,0,0,0,0,,,1,0,0,0,0,0,1,0,,,0,0,0,0,,,0,0,0,0,0,0,0,0,,0,0,0,1,0,,,10,20
3xEc1uEM+l3vSIfOL74qfxiWu/FXCtzy+3PXsWzd0Wc=,TRUE,TRUE,TRUE,Mr Chen,1567,Singapore,2,3,3,2,3,3,,,1,0,0,0,0,0,1,1,0,1,1,0,0,0,0,0,1,0,1,0,0,0,0,0,,,,,,TRUE,B,B,TRUE,1,1,1,0,1,1,1,0,-1,0,1,0,0,-1,0,-1,8,5,33,190,426,347,55,59,284,998,,476,429,484,347,,779,,,,,,,,,,,,,,,,,,,,,,,,,,,,,,,,,,,,,,,,,,,,,,,,,,11,7
QKLYDlqrI1oPj7uEy8l7cxxPWvUmEyF8aDL9cSNcaQ4=,TRUE,TRUE,TRUE,Ms Chua,1637,Singapore,3,5,4,2,4,3,,,1,1,1,1,1,1,1,1,1,1,1,0,1,1,1,1,1,1,1,1,1,1,1,0,,,,,,TRUE,B,B,TRUE,1,1,1,0,1,1,1,1,0,0,1,1,1,1,1,0,8,6,31,148,225,219,90,42,371,468,853,647,251,398,365,252,397,127,,,,,,,,,,,,,,,,,,,,,,,,,,,,,,,,,,,,,,,,,,,,,,,,,13,22
ExgZyjLPcmsMzpfRpdz0vNhDncO+xpcaMB9ENIbj1h0=,TRUE,TRUE,TRUE,Mr Chen,1649,Singapore,1,5,3,3,3,3,,,1,1,1,1,0,1,1,0,1,1,1,0,1,1,1,0,1,1,1,0,1,1,1,1,,,,,,TRUE,B,B,TRUE,0,1,0,0,1,1,1,0,0,1,0,0,0,-1,0,-1,8,5,251,106,238,129,32,187,487,482,614,120,720,524,379,,888,,,,,,,,,,,,,,,,,,,,,,,,,,,,,,,,,,,,,,,,,,,,,,,,,,12,19
A3I5zFFUbDJ5fIn2UfJqPBOBKWxUNmQ4KVZWNN8rGQM=,TRUE,TRUE,TRUE,Chia,1411,Singapore,4,5,4,2,4,4,,,1,1,1,0,1,1,1,1,1,1,1,0,1,1,1,1,1,1,1,1,0,1,1,1,,,,,,TRUE,B,B,TRUE,1,1,1,1,1,1,1,1,0,1,0,1,0,1,0,-1,8,6,32,77,289,345,33,170,761,646,109,39,264,590,264,171,392,,,,,,,,,,,,,,,,,,,,,,,,,,,,,,,,,,,,,,,,,,,,,,,,,,14,21
tBIcAlbC495FaxdLVTrDofodGvsKkJeQQ2dFX20+0lw=,TRUE,TRUE,TRUE,Ms Chua,1797,Singapore,4,5,2,5,4,3,4,Lua,1,1,0,0,1,1,1,1,1,1,1,1,1,1,1,1,1,1,0,1,1,1,0,1,,,,,,TRUE,A,A,TRUE,1,1,1,0,1,1,1,0,-1,1,1,1,1,1,1,1,8,6,36,72,227,52,30,43,197,450,,116,224,156,854,289,205,313,0,0,0,0,0,0,0,0,,,0,0,0,0,,,1,0,0,0,0,0,0,0,,,0,0,0,0,,,0,0,0,0,0,0,0,0,,0,0,0,0,0,,,14,20
fb1Z7lgnkuRhZU7cVPcz9kO5gFhBoi+IMNxRK8+ol34=,TRUE,TRUE,TRUE,Ms Chua,1810,Singapore,1,1,2,1,2,2,,,1,1,1,1,1,1,1,1,0,1,1,0,1,1,1,1,0,1,1,1,1,1,1,0,,,,,,TRUE,B,B,TRUE,1,1,1,0,1,1,1,1,0,1,1,1,0,1,1,0,8,6,40,124,298,160,51,63,377,873,641,48,235,155,1210,350,444,126,,,,,,,,,,,,,,,,,,,,,,,,,,,,,,,,,,,,,,,,,,,,,,,,,7,20
pQoMnbZ4IO1RNyKK2cCBs5CI3qNHoKowuhw3xaQ6oU4=,TRUE,TRUE,TRUE,Chia,1530,Singapore,2,2,2,3,2,2,,,0,1,1,0,1,1,1,1,1,1,1,0,1,1,1,1,1,1,1,1,1,1,1,1,,,,,,TRUE,B,B,TRUE,1,1,1,1,1,1,1,1,0,1,1,1,0,-1,0,-1,8,5,21,88,522,141,21,195,286,852,381,60,473,157,1067,,703,,,,,,,,,,,,,,,,,,,,,,,,,,,,,,,,,,,,,,,,,,,,,,,,,,9,21
gau4v8rFnz8TCYW04c/4nTq9s2YlNXOHY4Ljci8LwVI=,TRUE,TRUE,TRUE,Ms Chua,1945,Singapore,4,5,3,3,4,4,4,,1,1,0,0,1,1,1,0,1,1,1,0,1,1,1,1,1,1,1,1,1,1,0,1,,,,,,TRUE,A,A,TRUE,1,1,1,0,1,1,1,1,0,1,1,0,1,1,0,-1,8,6,30,213,256,122,77,45,236,632,705,86,338,436,231,167,720,,0,1,0,0,0,0,0,0,,,0,0,0,0,,,0,0,0,0,0,0,0,0,,,1,0,0,0,,,0,0,0,0,0,0,0,0,,0,1,0,0,0,,,14,19
JeRxYJBGCOaSkcMFRRbAUS0eAmC52pGA6sy9j93HW0w=,TRUE,TRUE,TRUE,Mr Chen,1761,Singapore,2,3,2,3,3,2,,,1,1,1,0,0,1,1,1,1,1,1,1,1,1,1,1,1,1,1,1,1,1,1,1,,,,,,TRUE,A,A,TRUE,1,1,1,1,1,1,1,1,0,1,1,1,0,1,1,-1,8,6,45,141,155,196,24,46,270,498,1274,38,164,155,773,91,1385,9,0,0,0,0,0,0,0,0,,,0,0,0,0,,,0,0,0,0,0,0,0,0,,,0,0,0,0,,,0,0,0,0,0,0,0,0,,0,0,0,0,0,,,10,22
hAi4UT2YQCdvd/HuWxwgwjVc3ux77bHu0EqKuHpJKFg=,TRUE,TRUE,TRUE,Chia,1684,Singapore,2,5,3,3,3,3,3,,1,1,1,0,1,1,1,0,1,1,1,0,1,0,1,1,1,1,1,1,1,0,1,1,,,,,,TRUE,B,A,FALSE,1,1,1,1,1,1,1,0,-1,1,1,1,0,-1,0,-1,8,5,23,93,446,224,149,387,411,832,,74,211,812,287,,887,,,,,,,,,,,,1,1,1,,,,,,,,,,,,,,0,1,1,,,,,,,,,,,,,0,1,1,0,,,,12,19
lT+oEufhQ4YstWTqSiYmBXSdIqQUl3ddS3SqXiSz1XA=,TRUE,TRUE,TRUE,Mr Chen,1763,Singapore,4,5,2,4,5,4,,,1,1,1,1,1,1,0,1,1,1,1,1,0,1,1,1,1,1,1,1,1,1,1,0,,,,,,TRUE,A,A,TRUE,1,1,1,1,1,1,0,0,-1,1,1,1,1,1,0,-1,8,6,35,125,271,680,30,57,1093,527,,73,139,85,198,926,1184,,0,1,0,1,0,0,1,0,,,1,0,0,1,,,0,0,0,0,0,0,0,0,,,0,0,0,0,,,0,0,0,1,0,0,1,0,,0,0,1,0,0,,,15,21
GoATGsaPPe7ZDB0jJBY8pA0jBIIh6VZOtVP0sJRPdEs=,TRUE,TRUE,TRUE,Mr Chen,1867,Singapore,1,5,1,1,1,1,1,,1,1,1,0,1,1,0,1,1,1,1,0,1,0,1,0,0,1,1,1,0,0,0,1,,,,,,TRUE,B,B,TRUE,1,0,0,0,-1,-1,-1,-1,-1,0,0,0,0,0,-1,-1,4,5,59,983,1109,103,,,,,,399,296,919,181,577,,,,,,,,,,,,,,,,,,,,,,,,,,,,,,,,,,,,,,,,,,,,,,,,,,,4,15
J/T4IoqkrZZof2zvPKXMc934CO2AjSzwfjiuZzNojCU=,TRUE,TRUE,TRUE,Chia,1860,Singapore,3,2,3,2,3,4,,,1,0,0,1,0,1,1,1,0,1,1,0,1,0,0,0,0,1,1,0,1,0,0,1,,,,,,TRUE,A,A,TRUE,1,1,1,1,1,1,1,0,-1,0,0,0,0,-1,0,-1,8,5,21,139,233,207,115,59,956,782,,195,333,764,356,,893,,0,0,0,0,0,0,1,1,,,0,0,0,,,,0,0,0,0,0,0,1,0,,,0,0,0,,,,0,0,0,0,0,0,1,1,,1,0,1,0,,,,12,12
KXUUBysdX2bsh2Wl2h3t6gEuP/2VF0HCmiEUZ8+yunY=,TRUE,TRUE,TRUE,Mr Chen,2079,Singapore,2,5,2,2,2,2,,,1,1,1,1,1,1,1,1,1,1,1,0,1,1,1,1,1,1,1,1,1,1,1,1,,,,,,TRUE,B,B,TRUE,1,1,1,0,1,1,0,-1,-1,-1,-1,1,-1,-1,-1,-1,7,1,30,231,1140,364,48,102,506,,,,,177,,,,,,,,,,,,,,,,,,,,,,,,,,,,,,,,,,,,,,,,,,,,,,,,,,,,,8,23
bVhcKKas8nmPSDV+PQRsv/rW/mbo2viY1J+Llt7V4TQ=,TRUE,TRUE,TRUE,Mr Chen,2110,Singapore,2,5,2,2,4,3,,,1,1,1,1,1,1,1,1,1,1,1,0,1,1,1,1,0,1,1,0,1,0,1,1,,,,,,TRUE,A,A,TRUE,1,1,1,0,1,1,1,1,0,1,1,1,1,1,0,-1,8,6,39,173,156,297,32,74,321,672,753,78,159,181,393,352,1456,,0,0,0,1,0,0,0,0,,,0,0,0,0,,,0,0,0,1,0,0,0,0,,,0,0,0,0,,,0,0,0,1,0,0,0,0,,0,0,0,0,0,,,11,20
zcW38sTxBaBFb9pBi4EQ8W5WEMzZpG71y6igQm/GLhU=,TRUE,TRUE,TRUE,Ms Chua,2295,Singapore,2,5,3,2,3,3,,,1,1,1,0,1,1,1,1,0,1,1,0,1,1,1,0,1,1,0,1,1,1,1,1,,,,,,TRUE,B,B,TRUE,1,1,1,0,1,1,0,0,-1,0,1,0,0,1,1,-1,8,6,42,351,609,12,27,969,510,7,,232,251,465,563,204,821,,,,,,,,,,,,,,,,,,,,,,,,,,,,,,,,,,,,,,,,,,,,,,,,,,11,19
1SgjJERnQow9YEtQmLCYco6//I15zb0TspmEMAv6LxQ=,TRUE,TRUE,TRUE,Ms Chua,2365,Singapore,4,5,5,5,5,5,,"small basic, ev3 block programming, flutter",1,1,1,1,1,1,1,1,1,1,1,0,1,1,1,1,1,1,1,1,1,0,0,1,,,,,,TRUE,B,B,TRUE,1,1,1,0,1,1,1,1,0,1,1,1,0,1,0,0,8,6,32,65,140,128,50,169,361,1299,331,81,256,468,76,244,418,736,,,,,,,,,,,,,,,,,,,,,,,,,,,,,,,,,,,,,,,,,,,,,,,,,20,21
oa26B3fRs4HxpVJfFNIVbVJc3WmJs1vtGKOS5xbCzwk=,TRUE,TRUE,TRUE,Chia,2204,Singapore,2,5,3,3,4,4,,,1,1,0,0,0,1,1,1,1,0,1,0,0,0,1,1,1,1,1,0,1,1,0,1,,,,,,TRUE,B,B,TRUE,1,1,1,1,1,1,0,0,0,1,1,1,0,0,0,-1,8,6,63,140,659,566,23,94,404,330,236,166,181,170,477,409,426,,,,,,,,,,,,,,,,,,,,,,,,,,,,,,,,,,,,,,,,,,,,,,,,,,14,15
K/Mo/+s6YkB0qaHaApHHtAiF76eaWEH2G2GUkDHNv20=,TRUE,TRUE,TRUE,Chia,2174,Singapore,3,5,3,4,3,2,,,1,1,1,0,0,1,1,1,1,0,1,0,1,1,1,1,0,1,1,1,1,1,1,0,,,,,,TRUE,B,A,FALSE,1,1,1,1,1,1,0,-1,-1,1,1,0,0,-1,0,-1,7,5,40,308,170,268,44,408,508,,,126,384,123,998,3,278,,,,,,,,,,,,0,1,1,,,,,,,,,,,,,,0,1,1,,,,,,,,,,,,,0,0,0,0,,,,12,18
qzykSTetboSusSQA+oATx24aTW/OZpaG1YXuoTgYOHw=,TRUE,TRUE,TRUE,Mr Chen,2786,Singapore,2,4,2,3,2,2,1,na,1,0,1,1,0,1,0,0,1,0,1,0,1,1,1,1,0,1,1,1,1,1,0,1,,,,,,TRUE,B,B,TRUE,1,0,1,0,1,1,0,-1,-1,1,0,0,0,-1,-1,-1,7,4,29,469,285,634,54,631,298,,,244,1076,1531,41,,,,,,,,,,,,,,,,,,,,,,,,,,,,,,,,,,,,,,,,,,,,,,,,,,,,9,16
G3/1fjPcDGFM9/DFadbbrK9QnxurV9CRTXjS2kzWLn0=,TRUE,TRUE,TRUE,Ms Chua,1198,Singapore,3,4,3,1,4,3,,,1,1,1,1,1,1,1,0,1,0,1,0,1,1,1,1,1,1,1,1,1,1,1,1,,,,,,TRUE,B,B,TRUE,1,1,1,1,1,1,1,1,1,1,1,0,0,-1,0,-1,8,5,20,96,253,297,60,80,15958,492,939,81,223,868,493,1,898,,,,,,,,,,,,,,,,,,,,,,,,,,,,,,,,,,,,,,,,,,,,,,,,,,11,21
dsfXm+li7UWu4g/F2W1ucYW9HpBWqW7AonYXk+8DOSA=,TRUE,TRUE,TRUE,Chia,2834,Singapore,2,3,2,4,2,2,,,1,1,1,1,1,1,1,1,1,0,1,0,1,0,1,1,1,1,1,1,1,1,1,1,,,,,,TRUE,B,B,TRUE,1,1,1,0,-1,-1,-1,-1,-1,1,1,1,0,-1,0,-1,4,5,35,189,619,358,,,,,,248,509,149,974,,417,,,,,,,,,,,,,,,,,,,,,,,,,,,,,,,,,,,,,,,,,,,,,,,,,,10,21
o+h71nrEltqcHGYd3wTX++AZwonuMiEgRY28L5H9xyI=,TRUE,TRUE,TRUE,Ms Chua,1697,Singapore,1,2,2,1,2,2,1,,1,1,1,1,1,1,1,1,1,0,1,0,0,0,1,1,1,1,0,1,1,1,0,1,,,,,,TRUE,B,B,TRUE,1,0,0,0,1,0,0,0,0,1,1,0,0,-1,0,-1,8,5,40,414,303,137,42,166,236,216,115,283,463,641,132,,662,,,,,,,,,,,,,,,,,,,,,,,,,,,,,,,,,,,,,,,,,,,,,,,,,,7,18
iRePTkCbSDGHXNIr0tFILtdOu6s7URXyMAcHkQknbgI=,TRUE,TRUE,TRUE,Ms Hogan,1066,Ireland,3,5,1,4,1,3,3,css,1,1,1,0,1,0,0,1,0,0,1,0,0,0,0,1,1,0,1,0,1,0,0,0,,,,,,TRUE,A,A,TRUE,1,0,0,-1,-1,-1,-1,-1,-1,1,1,0,0,-1,0,-1,3,5,105,846,930,,,,,,,195,416,463,623,,242,,0,0,0,,,,,,,,0,0,0,,,,0,0,0,,,,,,,,0,0,0,,,,0,1,1,,,,,,,1,0,1,0,,,,9,10
V9D9fv9SLshz3klRHLXwE0WNW4MmIxT2+swxgbPDoWI=,TRUE,TRUE,TRUE,Ms Hogan,1674,Ireland,2,5,1,3,1,3,,,1,1,1,0,1,1,1,0,0,0,1,0,1,0,1,1,0,0,0,0,1,1,0,1,,,,,,TRUE,A,B,FALSE,1,1,1,1,1,1,0,-1,-1,1,1,0,-1,-1,0,-1,7,4,23,123,344,524,26,464,352,,,121,770,841,,,196,,0,0,0,0,0,0,0,,,,,,,,,,0,0,0,0,0,0,0,,,,,,,,,,0,0,0,1,0,0,0,,,,,,,,,,8,13
Z20jXNWPkSGznBFo+7p+AjTlVzYfzUzoThFOMKXC8j0=,TRUE,TRUE,TRUE,Ms Hogan,1683,Ireland,3,5,1,4,1,4,4,css,0,1,1,0,0,1,1,1,0,0,1,1,0,0,0,0,0,1,0,0,0,0,0,1,,,,,,TRUE,A,B,FALSE,1,0,1,0,1,0,-1,-1,-1,1,1,0,0,0,0,-1,6,6,102,891,319,386,39,156,,,,265,216,412,495,152,298,,0,0,0,1,0,0,,,,,,,,,,,0,0,0,0,0,0,,,,,,,,,,,1,1,1,1,0,0,,,,,,,,,,,10,9
fyVkgetQfqkNtkHcR3HjZIhJQelEKpNVbIRq6or6OnU=,TRUE,TRUE,TRUE,Ms Hogan,1761,Ireland,3,2,1,5,1,2,1,,1,1,1,1,1,1,1,1,1,0,1,0,0,1,1,1,0,1,1,1,0,1,1,1,,,,,,TRUE,A,B,FALSE,1,1,1,0,1,1,0,-1,-1,1,0,0,0,1,0,-1,7,6,17,157,227,1239,169,52,31,,,124,272,445,103,432,699,,0,0,0,1,1,0,0,,,,,,,,,,0,0,0,1,0,0,0,,,,,,,,,,0,0,0,1,0,0,0,,,,,,,,,,9,19
GUPn9TOYS6ZsZIHlC07ToFDuvez0vvnl9a7pvjUBeUI=,TRUE,TRUE,TRUE,Ms Hogan,1821,Ireland,3,2,1,4,1,3,,,1,1,0,0,0,1,0,1,1,1,1,0,1,1,1,0,1,0,0,1,1,0,0,0,,,,,,TRUE,B,A,FALSE,1,0,0,0,-1,-1,-1,-1,-1,1,0,0,0,0,0,-1,4,6,120,285,1332,6,,,,,,256,365,308,13,483,589,,,,,,,,,,,,1,0,0,0,,,,,,,,,,,,,0,0,0,0,,,,,,,,,,,,0,1,0,0,0,,,9,13
Xanp1b8qnJ5nPH7NxnSR2/FGS0eNrkevUgr1mYMn9lo=,TRUE,TRUE,TRUE,Ms Hogan,2166,Ireland,2,3,1,3,1,3,,,1,1,1,0,1,0,0,0,1,0,1,0,0,0,0,1,0,1,1,1,1,0,0,0,,,,,,TRUE,B,A,FALSE,1,1,1,0,1,0,-1,-1,-1,0,0,0,0,0,0,-1,6,6,37,165,623,551,47,551,,,,717,80,403,7,457,625,,,,,,,,,,,,0,1,0,0,,,,,,,,,,,,,1,0,0,0,,,,,,,,,,,,1,0,1,0,0,,,8,11
6g8hkNhhoZk1MM0+3LNgeLj1aeArL44j3MvX9ZRoND0=,TRUE,TRUE,TRUE,Ms Hogan,1410,Ireland,3,5,1,4,1,3,,,1,0,1,0,1,1,1,0,1,0,1,0,0,0,1,1,0,1,1,0,1,0,0,0,,,,,,TRUE,A,B,FALSE,1,1,1,0,0,-1,-1,-1,-1,0,0,0,0,0,0,-1,5,6,42,283,238,693,341,,,,,184,512,197,448,376,197,,0,0,0,1,0,,,,,,,,,,,,0,0,0,1,0,,,,,,,,,,,,0,0,0,1,0,,,,,,,,,,,,9,12
IaupTAsV/C23b0J+fdKoPxtXwiDogNJaUSiSH/PU/xw=,TRUE,TRUE,TRUE,Ms Hogan,1676,Ireland,3,2,1,4,1,5,,,0,0,0,0,1,0,0,1,0,1,1,0,0,0,1,1,0,0,0,0,0,0,0,0,,,,,,TRUE,B,A,FALSE,1,0,0,0,0,0,-1,-1,-1,0,0,0,0,-1,0,-1,6,5,262,500,217,241,87,85,,,,305,366,897,104,7,182,,,,,,,,,,,,1,1,0,,,,,,,,,,,,,,1,1,0,,,,,,,,,,,,,1,0,1,0,,,,11,6
65X0C/KtrbJOvAG7sOekEzWYBI9ErnLQoMBvI/WPWXA=,TRUE,TRUE,TRUE,Ms Hogan,1745,Ireland,1,5,3,4,1,3,,,1,1,1,0,0,1,0,1,1,1,0,0,0,1,1,1,0,1,0,0,1,0,0,1,,,,,,TRUE,A,B,FALSE,1,0,0,0,0,0,1,0,-1,0,0,0,0,0,0,-1,8,6,92,105,119,408,100,219,345,76,9,205,100,263,272,218,529,,1,0,0,1,0,0,0,0,,,,,,,,,0,0,0,1,0,0,0,0,,,,,,,,,0,0,0,1,0,0,0,0,,,,,,,,,11,13
nFQ4HTGjDjJK00CqIA0Krl2Vv467a2h43gvECuTZbDo=,TRUE,TRUE,TRUE,Ms Hogan,1920,Ireland,3,5,3,5,2,4,,,0,0,1,0,0,0,1,0,0,0,1,0,0,0,0,1,0,1,1,0,1,0,0,1,,,,,,TRUE,A,A,TRUE,0,0,1,0,0,0,-1,-1,-1,0,0,0,0,0,0,-1,6,6,168,496,345,314,56,227,,,,147,155,225,267,265,888,,0,0,0,0,0,0,,,,,0,0,0,0,,,0,0,0,0,0,0,,,,,0,0,0,0,,,0,1,0,0,0,0,,,,0,0,1,0,0,,,14,8
EfJRBMzhvlhB06JGlRReJhHVhznfGXOzNCdUlHZXilE=,TRUE,TRUE,TRUE,Ms Hogan,1971,Ireland,3,5,1,3,1,3,,,1,1,1,0,1,0,1,0,0,0,1,0,1,0,1,1,0,1,0,1,1,0,0,0,,,,,,TRUE,A,A,TRUE,1,0,0,0,1,0,0,-1,-1,0,0,-1,0,-1,-1,-1,7,3,30,200,318,250,41,337,463,,,138,383,,330,,,,0,0,0,1,0,0,0,,,,0,,0,,,,0,0,0,1,0,0,0,,,,0,,0,,,,0,0,1,0,0,0,0,,,0,0,,1,,,,8,12
RCYYEpx37fDvwB3n90q0QvV6QOm+QXASTu0/gpd/dWw=,TRUE,TRUE,TRUE,Mrs O Leary,1494,Ireland,2,1,1,3,3,2,,,1,0,0,0,0,0,0,0,1,1,1,0,0,1,0,0,0,0,0,1,1,0,0,0,,,,,,TRUE,A,A,TRUE,1,0,0,0,0,0,0,-1,-1,-1,0,0,0,0,0,-1,7,5,137,455,129,246,193,16,139,,,228,860,61,71,346,890,,0,0,0,0,0,0,0,,,,0,0,0,0,,,0,0,0,0,0,0,0,,,,0,0,0,0,,,1,1,0,1,0,0,0,,,,0,1,0,0,,,9,7
ZOJa4Bv/h8HvkKlNI1iPI81avSyuXG3emGv5Vr71gTE=,TRUE,TRUE,TRUE,Mrs O Leary,1976,Ireland,3,5,1,3,5,2,,,1,1,1,0,0,0,1,0,0,0,1,1,1,0,1,0,0,0,0,0,1,0,1,1,,,,,,TRUE,A,A,TRUE,1,1,0,0,1,0,-1,-1,-1,1,0,0,0,-1,0,-1,6,5,116,570,456,181,34,179,,,,324,564,323,349,,889,,0,0,0,0,0,0,,,,,0,0,0,,,,0,0,0,0,0,0,,,,,0,0,0,,,,1,1,0,0,0,0,,,,0,0,1,0,,,,11,11
ZBqEfUswqSSxZKEyGKvnzZlcDP6j7dfoCKqM6WMEACw=,TRUE,TRUE,TRUE,Mrs O Leary,3986,Ireland,3,2,1,1,1,2,1,,0,0,0,0,0,0,0,0,0,1,1,0,1,0,1,0,0,0,0,0,1,0,0,0,,,,,,TRUE,B,B,TRUE,0,0,0,-1,-1,-1,-1,-1,-1,0,0,0,0,-1,0,-1,3,5,167,174,398,,,,,,,965,294,69,127,102,874,,,,,,,,,,,,,,,,,,,,,,,,,,,,,,,,,,,,,,,,,,,,,,,,,,5,5
xxJKo3f7cEBHAdxQM7URB/6UQtJWafd45d9S67JtrUQ=,TRUE,TRUE,TRUE,Lang Fui Ying,1053,Singapore,3,3,5,5,4,2,,,1,1,1,1,1,1,1,1,1,1,1,1,1,0,1,1,1,1,1,1,1,1,1,1,,,,,,TRUE,A,A,TRUE,1,1,1,1,1,1,1,1,1,1,1,1,1,1,1,-1,8,6,19,59,114,158,32,38,176,342,471,81,119,50,326,75,102,,0,0,0,0,0,0,0,0,,,0,0,0,0,,,0,0,0,0,0,0,0,0,,,0,0,0,0,,,0,0,0,0,0,0,,0,,0,0,0,0,0,,,16,23
JgRnZ+ouw9YBapcOB/OzPt5Y8Fk/zleAeQqgwVbE9Dg=,TRUE,TRUE,TRUE,Ms Lee Wing,1205,Singapore,1,1,1,1,1,1,1,,1,0,1,0,1,1,1,0,1,1,1,0,0,0,1,1,1,1,1,0,1,0,0,0,,,,,,TRUE,A,A,TRUE,1,1,1,1,1,1,0,-1,-1,0,-1,-1,-1,-1,-1,-1,7,1,59,266,237,335,659,180,630,,,890,,,,,,,0,0,0,0,0,0,0,,,,,,,,,,0,0,0,0,0,0,0,,,,,,,,,,0,0,0,0,0,0,,,,1,,,,,,,4,14
u34xn4/FCtIiNz55Ogg/UIyJjkjzTXzEqD+W9Icgumg=,TRUE,TRUE,TRUE,Ms Lee Wing,1427,Singapore,4,5,4,4,4,3,,,1,1,1,0,1,1,1,1,1,1,1,1,1,1,1,1,1,1,1,1,1,1,1,1,,,,,,TRUE,A,A,TRUE,1,1,1,1,1,1,1,0,1,1,1,1,1,0,1,-1,8,6,35,132,211,157,17,30,325,148,334,104,162,97,253,783,395,,0,0,0,0,0,0,0,0,,,0,0,0,0,,,0,0,0,0,0,0,0,0,,,0,0,0,0,,,0,0,0,0,0,0,,0,,0,0,0,0,0,,,15,23
B3YaOKYcK1S/J0N3KJoJ7Vuaw9XUsoBAnVmViNnNo2I=,TRUE,TRUE,TRUE,Ms Lee Wing,1443,Singapore,1,1,1,1,1,1,,,1,1,0,0,1,1,1,1,1,1,1,0,0,1,1,1,1,1,1,1,1,1,1,1,,,,,,TRUE,A,A,TRUE,1,1,1,1,1,1,1,0,0,0,0,0,0,1,0,-1,8,6,52,180,276,317,42,184,416,582,331,400,87,312,325,554,557,,0,0,0,0,0,0,0,0,,,0,0,0,0,,,0,0,0,0,0,0,0,0,,,0,0,0,0,,,0,1,0,0,0,1,,1,,0,0,0,0,0,,,4,20
3X8mrjRzsi5wcoIaYwBMJHerO21xbQFKidN692sFSnY=,TRUE,TRUE,TRUE,Ms Lee Wing,1420,Singapore,2,5,2,4,1,2,,,1,1,0,0,1,1,0,1,1,1,1,0,1,1,1,1,1,1,1,1,1,1,1,1,,,,,,TRUE,A,A,TRUE,1,1,1,1,1,1,1,1,0,1,1,1,1,0,0,-1,8,6,25,147,204,239,41,86,267,448,505,96,306,117,650,518,732,,0,0,0,0,0,0,0,0,,,0,0,0,0,,,0,0,0,0,0,0,0,0,,,0,0,0,0,,,0,0,0,0,0,0,,0,,0,0,0,0,0,,,9,20
W0T40yoCg5Olj499sKox8l3IaioUnMfQBHnfGMQhCA4=,TRUE,TRUE,TRUE,Ms Lee Wing,1546,Singapore,2,5,2,1,2,2,,,1,1,1,0,1,1,1,0,1,1,1,0,1,1,1,1,1,1,1,1,1,1,1,1,,,,,,TRUE,A,A,TRUE,1,1,1,1,1,1,1,1,0,1,1,1,0,-1,0,-1,8,5,41,282,170,42,19,126,303,191,156,105,288,261,276,,100,,0,0,0,0,0,0,0,0,,,0,0,0,,,,0,0,0,0,0,0,0,0,,,0,0,0,,,,0,1,0,0,0,0,,0,,0,0,0,0,,,,7,21
iw3awxcDRfboG5CTVJeo11FEyz2nY+2vHXVHGsdpxXY=,TRUE,TRUE,TRUE,Ms Lee Wing,1482,Singapore,1,1,1,2,1,2,,,1,1,1,0,0,1,1,0,1,1,1,1,1,1,1,1,1,1,1,1,1,0,1,1,,,,,,TRUE,A,A,TRUE,1,1,1,1,1,1,1,0,-1,1,1,0,-1,-1,-1,-1,8,3,26,117,198,260,94,158,666,793,,328,948,832,,,,,0,0,0,0,0,0,0,0,,,0,0,,,,,0,0,0,0,0,0,0,0,,,0,0,,,,,0,0,0,0,0,0,,0,,0,1,0,,,,,6,20
0OADi6xsx8l1jNTT3yqBxTSEITAWVBDzMpvJoofbQXI=,TRUE,TRUE,TRUE,Ms Lee Wing,1589,Singapore,2,2,1,3,2,1,,,1,1,1,1,1,1,1,1,1,0,1,1,1,1,1,1,1,1,1,1,0,1,1,1,,,,,,TRUE,A,A,TRUE,1,1,0,1,1,1,1,0,-1,1,0,1,0,0,0,-1,8,6,23,96,209,236,27,105,388,542,,131,241,341,342,515,893,,0,0,0,0,0,0,0,0,,,0,0,0,0,,,0,0,0,0,0,0,0,0,,,0,0,0,0,,,0,0,0,0,0,0,,0,,0,0,0,0,0,,,7,22
LvjRejtHXMJVimb+jUWMy4jh14EThraBDe/6Cr7G+Ho=,TRUE,TRUE,TRUE,Ms Lee Wing,1537,Singapore,1,3,1,2,1,1,,,1,1,1,1,1,1,1,0,1,1,1,0,1,1,1,1,1,1,0,1,1,0,1,0,,,,,,TRUE,A,A,TRUE,1,1,1,1,1,1,1,1,0,1,1,1,0,-1,-1,-1,8,4,48,106,386,242,45,122,271,1166,136,128,290,702,1021,,,,0,0,0,0,0,0,0,0,,,0,0,0,,,,0,0,0,0,0,0,0,0,,,0,0,0,,,,0,0,0,0,0,0,,0,,0,0,1,1,,,,5,19
30fBQypPFhv4jbX9SjsM8m89bqD0HazunVCVKIfxCCA=,TRUE,TRUE,TRUE,Ms Lee Wing,1669,Singapore,2,5,3,3,3,3,,,1,1,1,1,1,1,1,1,1,1,1,1,1,1,1,1,1,1,1,1,1,1,1,1,,,,,,TRUE,A,A,TRUE,1,1,1,1,1,1,1,1,0,1,0,0,-1,-1,0,-1,8,4,32,234,400,319,37,142,516,451,366,243,977,417,,,888,,0,0,0,0,0,0,0,0,,,0,1,,,,,0,0,0,0,0,0,0,0,,,1,0,,,,,0,0,0,0,0,0,,0,,0,0,0,,,,,12,24
qRHrtx9xs/lKh5BAYQQxQvrSq3BjbMoyU9Hq+FQEm2s=,TRUE,TRUE,TRUE,Ms Lee Wing,1667,Singapore,4,5,3,4,2,3,,,1,1,1,0,1,1,1,1,1,0,1,0,1,1,1,1,0,1,1,1,1,1,0,1,,,,,,TRUE,A,A,TRUE,1,1,1,1,1,-1,-1,-1,-1,1,1,1,0,0,0,-1,5,6,22,412,210,454,150,,,,,333,223,338,658,208,891,,0,1,0,0,0,,,,,,0,0,0,0,,,0,0,0,0,0,,,,,,0,0,0,0,,,0,0,0,1,0,,,,,0,0,0,0,0,,,12,19
lrqzgBgQ8NTfqM8qmZtgJl600uceqV2S1V4DOmE+lg8=,TRUE,TRUE,TRUE,Lang Fui Ying,1496,Singapore,4,2,3,2,4,1,,,1,1,1,1,1,1,1,0,1,1,1,1,1,1,1,1,1,1,1,1,1,0,1,1,,,,,,TRUE,A,A,TRUE,1,1,1,1,1,1,1,1,1,1,1,1,1,1,1,-1,8,6,34,116,204,147,30,73,402,527,587,173,456,119,258,72,672,,0,0,0,0,0,0,1,0,,,1,0,0,0,,,0,0,0,0,0,0,0,0,,,1,0,0,0,,,0,0,0,0,0,0,,0,,0,0,0,0,0,,,10,22
pTu7KmSXsrwr76ZgQPKflqRMjI7iE6w10xoazMmm/HA=,TRUE,TRUE,TRUE,Ms Yu Qian,1144,Singapore,4,5,3,3,4,4,,,1,1,1,1,1,1,1,1,1,1,1,0,1,1,1,1,1,1,1,1,1,1,1,1,,,,,,TRUE,A,A,TRUE,1,1,1,1,1,1,1,1,1,1,1,1,1,1,1,-1,8,6,16,59,267,96,15,48,416,278,555,77,54,75,530,100,99,,0,0,0,0,0,0,0,0,,,0,0,0,0,,,0,0,0,0,0,0,0,0,,,0,0,0,0,,,0,0,0,0,0,0,,0,,0,0,0,0,0,,,14,23
Gqo5IdZIsF1G/wsSH1SxUtHFIfUN1jDXgkml+Xje7hI=,TRUE,TRUE,TRUE,Ms Yu Qian,1248,Singapore,2,3,2,3,1,2,,,1,1,1,1,1,1,1,1,1,1,1,1,1,1,1,1,0,1,0,1,1,1,0,1,,,,,,TRUE,A,A,TRUE,1,1,1,1,1,1,1,0,-1,1,1,1,0,-1,0,-1,8,5,23,96,173,364,28,195,742,884,,159,124,391,948,,891,,0,0,0,0,0,0,0,0,,,0,0,0,,,,0,0,0,0,0,0,0,0,,,0,0,0,,,,0,0,0,0,0,0,,0,,0,0,0,0,,,,8,21
rcwX+RICcg8GnW0SAYst6V5LUXu4lqArOSfu6XJv9Rg=,TRUE,TRUE,TRUE,Ms Lee Wing,1689,Singapore,2,5,2,4,1,2,,,1,1,1,0,1,1,1,1,1,1,1,0,1,1,1,1,1,1,1,1,1,1,1,1,,,,,,TRUE,A,A,TRUE,1,1,1,1,1,1,1,0,-1,1,0,-1,-1,-1,-1,-1,8,2,33,125,382,169,45,262,284,1185,1,412,790,,,,,,0,0,0,,0,0,0,0,,,0,,,,,,0,0,0,,0,0,0,0,,,0,,,,,,0,0,0,,0,0,,0,,0,0,,,,,,9,22
MsB0lFCA6bNT5LesPvppQYye8fP9Nwc5DbpPle59GDU=,TRUE,TRUE,TRUE,Ms Lee Wing,1709,Singapore,1,1,1,1,1,1,,,1,1,1,1,1,1,1,1,1,0,1,0,1,1,1,1,0,1,1,1,1,0,1,1,,,,,,TRUE,A,A,TRUE,1,1,1,1,1,1,1,0,-1,1,1,1,0,-1,0,-1,8,5,45,283,237,223,102,70,682,821,,131,308,1122,156,,812,,0,0,0,0,0,0,0,0,,,0,0,0,,,,0,0,0,0,0,0,0,0,,,0,0,0,,,,0,0,0,0,0,0,,0,,1,1,1,0,,,,4,20
QHlbDCQQkbsHLR8sSn8Oo2kp2tpo/j0tVjZmZb9Y/nI=,TRUE,TRUE,TRUE,Mr Ng Say Tiong,1581,Singapore,2,2,2,3,1,2,,,1,1,1,0,0,1,1,1,1,1,1,0,1,1,1,1,0,1,0,1,1,1,1,1,,,,,,TRUE,A,A,TRUE,1,1,1,1,1,1,1,1,1,1,1,1,0,1,1,-1,8,6,17,195,101,248,36,205,296,481,316,60,734,204,355,152,254,,,0,0,0,0,0,0,0,,,0,0,0,0,,,,0,0,0,0,0,0,0,,,0,0,0,0,,,,0,0,0,0,0,,0,,0,0,0,0,0,,,8,19
jFPhxZaJCsCtdsKhq7b+6rcwHCziwlr8wk5svhfkeQ0=,TRUE,TRUE,TRUE,Lang Fui Ying,1968,Singapore,2,4,3,3,3,2,2,R,1,1,1,1,1,0,1,1,1,1,1,1,1,1,1,1,1,1,1,1,1,0,1,1,,,,,,TRUE,A,A,TRUE,1,1,1,0,-1,-1,-1,-1,-1,1,1,0,0,-1,0,-1,4,5,35,111,697,173,,,,,,159,333,913,310,,875,,0,0,0,0,,,,,,,0,0,0,,,,0,0,0,0,,,,,,,0,0,0,,,,0,0,0,0,,,,,,0,0,0,0,,,,11,22
ArMgYOhM3f7zXR0L3/L2f/K3upF1Qf9XgzgSnmqB3x8=,TRUE,TRUE,TRUE,Mr Ng Say Tiong,1705,Singapore,1,3,1,2,1,1,,,1,1,0,1,1,1,1,1,1,0,1,0,1,1,1,1,1,1,1,1,1,0,1,1,,,,,,TRUE,A,A,TRUE,1,1,1,1,1,1,0,-1,-1,1,1,0,0,-1,0,-1,7,5,45,220,328,368,81,222,739,,,113,1067,421,97,,126,,0,1,0,0,0,0,0,,,,0,0,0,,,,0,0,0,0,0,0,0,,,,0,0,0,,,,0,0,0,0,0,0,,,,0,1,1,0,,,,5,20
+YZxmMNKpFv3H9ooieckFhvqcBBAoQO4twl0VP0EKDY=,TRUE,TRUE,TRUE,Mr Ng Say Tiong,1149,Singapore,2,3,2,3,1,2,,,1,1,1,0,1,1,1,0,1,1,1,0,1,1,1,1,1,1,1,1,0,0,0,0,,,,,,TRUE,A,A,TRUE,1,1,1,1,1,1,-1,-1,-1,1,1,0,0,-1,0,-1,6,5,49,230,258,672,27,290,20,117,5,97,581,512,28,11,628,,0,0,0,0,0,0,,,,,1,0,0,,,,0,0,0,0,0,0,,,,,1,0,0,,,,0,0,0,0,0,0,,,,0,0,0,0,,,,8,17
HZMO9X+T3GEVrLRsL+3UZ2v2l/rruF0/2gooH7gjdHA=,TRUE,TRUE,TRUE,Lang Fui Ying,1827,Singapore,1,5,2,5,2,2,,,1,1,1,0,1,1,1,1,0,1,1,1,1,1,1,1,1,1,1,1,1,1,1,1,,,,,,TRUE,A,A,TRUE,1,1,1,1,1,1,1,1,0,1,1,1,-1,-1,0,-1,8,4,19,110,86,209,32,48,304,309,986,455,565,712,,,725,,0,0,0,0,0,0,0,0,,,0,0,,,,,0,0,0,0,0,0,0,0,,,0,0,,,,,0,0,0,0,0,0,,0,,1,1,0,,,,,11,22
jgwsfUe6I7kbC6357VdtZsqG6OuuEHr2PK9CvoLClE4=,TRUE,TRUE,TRUE,Ms Yu Qian,1476,Singapore,3,5,2,3,3,1,,,1,1,1,0,0,1,1,1,1,1,1,1,1,1,1,1,1,1,1,1,1,1,1,1,,,,,,TRUE,A,A,TRUE,1,1,1,1,1,1,1,0,-1,1,0,0,0,0,-1,-1,8,5,36,166,408,43,37,97,383,501,4,424,548,457,490,146,3,,0,0,0,0,0,0,0,0,,,0,0,0,0,,,0,0,0,0,0,0,0,0,,,0,0,0,0,,,0,0,0,0,0,0,,0,,0,0,0,0,0,,,9,22
zYa0yXJpek82WWxQccNigkqI5Z4ImzOPxLYgUmLEKXs=,TRUE,TRUE,TRUE,Mr Ng Say Tiong,1961,Singapore,1,1,1,1,1,1,,,0,1,1,1,0,1,1,0,1,0,1,0,1,1,1,1,1,1,1,1,1,1,1,1,,,,,,TRUE,A,A,TRUE,1,1,0,1,1,0,0,-1,-1,1,1,0,-1,-1,-1,-1,7,3,26,352,310,236,28,400,256,,,357,734,1555,,,11,,0,0,0,0,0,0,0,,,,0,0,,,,,0,0,0,0,0,0,0,,,,0,0,,,,,0,1,0,0,0,0,,,,0,0,1,,,,,4,19
AsN3QjUuFzCGBpL7PDcZQUXP0qD0PLYuTKDJRYky7FE=,TRUE,TRUE,TRUE,Ms Yu Qian,1526,Singapore,3,5,3,4,3,2,,,1,1,1,1,1,1,1,1,1,1,1,0,1,1,1,1,1,1,1,1,1,1,1,1,,,,,,TRUE,A,A,TRUE,0,1,0,-1,-1,-1,-1,-1,-1,1,1,1,1,0,0,-1,3,6,16,90,271,,,,,,,68,134,183,1006,78,301,,0,0,0,,,,,,,,0,0,0,0,,,0,0,0,,,,,,,,0,0,0,0,,,0,0,0,,,,,,,0,0,0,1,0,,,12,23
IK8ukBzElLqjlMS0jMvZibAamLNdA9Zz68TOUm1Y9W4=,TRUE,TRUE,TRUE,Mr Lee Yung Hei,1688,Singapore,3,4,3,3,3,3,,,1,1,1,1,0,1,1,1,1,1,1,1,1,0,1,1,1,1,1,1,1,1,1,1,,,,,,TRUE,A,A,TRUE,1,1,1,1,1,1,1,0,-1,1,1,1,0,-1,0,-1,8,5,82,247,312,199,35,70,876,319,,101,399,130,1015,,809,,0,0,0,0,0,0,0,0,,,0,0,0,,,,0,0,0,0,0,0,0,0,,,0,0,0,,,,0,0,0,0,0,0,,0,,0,0,0,0,,,,12,22
mlTZ0UavE7P4yTVZ5dofKEWDjbF/lsH3/+MmLmSCRTw=,TRUE,TRUE,TRUE,Ms Lee Wing,2008,Singapore,1,2,3,2,1,2,,,1,1,1,1,1,1,1,1,1,1,1,1,1,1,1,1,1,1,1,1,1,1,0,1,,,,,,TRUE,A,A,TRUE,-1,-1,-1,-1,-1,1,1,0,-1,1,1,-1,-1,-1,0,-1,3,3,,,,,,246,214,638,,148,941,12,4,,813,,,,,,,0,0,0,,,0,,,,,,,,,,,0,0,0,,,0,,,,,,,,,,,1,,0,,0,0,,,,,,8,23
CpqPn9xqxLCNQjmRwKf6vBDkeg84BS4m3mip26JLaxI=,TRUE,TRUE,TRUE,Mr Ng Say Tiong,2025,Singapore,2,2,2,2,3,2,,,1,1,1,0,0,1,1,1,1,1,1,0,1,0,1,1,0,1,1,1,1,1,1,1,,,,,,TRUE,A,A,TRUE,1,1,1,0,-1,0,1,1,-1,1,1,1,0,-1,0,-1,7,5,30,143,153,137,28,14,203,368,211,83,303,894,339,1,874,,0,0,0,0,,0,0,0,,,0,0,0,,,,0,0,0,0,,0,0,0,,,0,0,0,,,,0,0,0,0,,0,,0,,0,0,1,0,,,,9,19
XkH/3KHLoJq7Ap3qw9wA7Yj2u/0fss53tCDF2HuGyGY=,TRUE,TRUE,TRUE,Mr Ng Say Tiong,2016,Singapore,1,1,1,1,1,2,1,,1,1,0,0,1,1,1,1,0,1,1,0,0,0,1,1,0,1,1,1,1,1,1,0,,,,,,TRUE,A,A,TRUE,1,0,-1,0,-1,-1,-1,-1,-1,1,1,0,-1,-1,-1,-1,3,3,41,139,1,369,,,,,,128,399,935,,,,,0,0,,0,,,,,,,0,0,,,,,0,0,,0,,,,,,,0,0,,,,,0,1,,0,,,,,,0,1,1,,,,,5,16
0cW/gDn1ghVHPAPNMx+1qkeo0D+I3v7OxcIri5uNTwE=,TRUE,TRUE,TRUE,Ms Lee Wing,2106,Singapore,1,1,1,2,1,1,,,1,1,1,0,1,1,1,1,1,1,1,0,1,0,1,1,1,1,1,1,1,0,1,1,,,,,,TRUE,A,A,TRUE,1,1,1,1,1,1,0,0,-1,1,0,0,0,-1,-1,-1,8,4,34,144,233,267,52,910,465,179,,203,524,429,121,,,,0,0,0,0,0,0,1,0,,,0,0,0,,,,0,0,0,0,0,0,1,0,,,0,0,0,,,,0,1,0,0,0,1,,0,,0,0,0,0,,,,5,20
7L4gCEBT0BaWiIeJiT0aL9fHzkmUc/skPFQx7ETgrQE=,TRUE,TRUE,TRUE,Lang Fui Ying,1728,Singapore,2,3,1,2,2,1,,,1,1,1,1,1,1,1,1,1,1,1,0,1,1,1,1,1,1,1,1,1,0,1,1,,,,,,TRUE,A,A,TRUE,1,0,-1,-1,-1,-1,-1,-1,-1,1,1,1,0,-1,0,-1,2,5,38,159,,,,,,,,297,89,520,831,,771,,0,0,,,,,,,,,0,0,0,,,,0,0,,,,,,,,,0,0,0,,,,0,0,,,,,,,,0,0,0,1,,,,6,22
nTxUP+nxluPswijiqIdKBB7znWhaGw3zYf0Bwjud/Wg=,TRUE,TRUE,TRUE,Ms Yu Qian,236,Singapore,4,5,4,4,4,4,4,,1,1,1,1,1,1,1,0,1,1,1,0,1,1,1,1,1,1,1,1,1,1,1,1,,,,,,TRUE,A,A,TRUE,1,1,1,1,1,1,1,1,1,1,1,1,1,1,0,-1,8,6,19,56,119,129,31,53,370,349,781,89,72,167,371,258,634,,0,0,0,0,0,0,0,0,,,0,0,0,0,,,0,0,0,0,0,0,0,0,,,0,0,0,0,,,0,0,0,0,0,0,,0,,0,0,0,0,0,,,16,22
Ov3erIzqmcMfXjbUNgfQ1rUdEQ8GmzWwIyjtOYYd9ho=,TRUE,TRUE,TRUE,Ms Yu Qian,1493,Singapore,1,2,1,1,2,1,,,1,1,1,0,1,0,1,0,1,0,1,1,0,1,1,1,1,1,1,1,1,1,0,1,,,,,,TRUE,A,A,TRUE,1,1,1,1,1,1,1,0,-1,1,0,1,0,0,0,-1,8,6,39,148,59,193,70,304,457,324,,147,239,413,607,331,877,,0,0,0,0,0,0,0,0,,,0,1,0,0,,,0,0,0,0,0,0,0,0,,,0,0,0,0,,,0,0,0,0,0,0,,0,,0,1,1,0,0,,,5,18
ofOcag0X76nJcyiD10fuFfpEa7DHa0RLDAYxix129Rc=,TRUE,TRUE,TRUE,Mr Ng Say Tiong,1851,Singapore,2,2,3,3,1,3,,,1,1,1,0,1,1,1,0,0,1,1,0,1,1,1,1,1,1,1,1,1,0,1,0,,,,,,TRUE,A,A,TRUE,1,1,1,1,1,0,-1,-1,-1,1,1,1,0,1,0,-1,6,6,31,86,188,1079,42,405,,,,355,134,805,839,215,181,,0,0,0,0,0,0,,,,,0,0,0,0,,,0,0,0,0,0,0,,,,,0,0,0,0,,,0,0,0,0,0,0,,,,0,0,0,0,0,,,10,18
m3wCfi58c86uyhkRxQ03ga13rrJN9cUXxCfHn7sVz0E=,TRUE,TRUE,TRUE,Ms Yu Qian,1758,Singapore,2,5,1,3,3,1,,,1,1,1,1,1,1,1,1,1,0,1,0,1,1,1,1,1,1,1,0,1,0,1,1,,,,,,TRUE,A,A,TRUE,1,1,1,1,1,1,1,1,0,1,1,1,0,-1,0,-1,8,5,20,80,182,223,22,174,529,566,511,65,199,749,750,,891,,0,0,0,0,0,0,0,0,,,0,0,0,,,,0,0,0,0,0,0,0,0,,,0,0,0,,,,0,0,0,0,0,0,,0,,0,0,0,0,,,,8,20
ZgILPQ1Q+gO1M1v/XyijR5rozSkPbP041qdgJBmcXnI=,TRUE,TRUE,TRUE,Ms Yu Qian,1677,Singapore,4,4,1,5,3,3,5,visual basic,1,1,1,0,0,1,1,1,0,1,1,0,1,1,1,1,1,1,1,1,1,0,1,1,,,,,,TRUE,A,A,TRUE,1,1,1,1,1,1,0,0,0,1,0,0,0,0,0,-1,8,6,32,109,164,280,40,69,303,628,18,287,276,520,405,138,872,,0,0,0,0,0,0,0,0,,,0,0,0,0,,,0,0,0,0,0,0,0,0,,,0,0,0,0,,,0,0,0,0,0,0,,0,,0,0,0,0,0,,,12,19
7Q9CTpGDqJflhKJ3+mHqvJWmc9ygU1fGEA9clulMPUw=,TRUE,TRUE,TRUE,Ms Yu Qian,1617,Singapore,1,2,1,2,1,1,2,pascal,1,1,1,0,1,1,1,0,1,1,1,0,1,1,1,1,1,1,1,1,1,0,1,1,,,,,,TRUE,A,A,TRUE,1,1,1,1,1,1,1,0,0,1,1,0,-1,-1,-1,-1,8,3,74,146,206,358,136,336,401,1507,618,261,346,31,3,3,7,,0,0,0,0,0,0,0,0,,,0,0,,,,,0,0,0,0,0,0,0,0,,,0,0,,,,,0,0,0,0,0,0,,0,,0,0,0,,,,,5,20
WkxPMFTVQ0BZUOrww2aoxhHTuv03ou1lEM5lvchEJWs=,TRUE,TRUE,TRUE,Lang Fui Ying,2331,Singapore,2,5,2,3,3,2,,,1,1,0,1,1,1,1,0,1,1,1,1,1,1,1,1,1,1,1,1,1,1,1,1,,,,,,TRUE,A,A,TRUE,1,0,1,1,1,1,1,-1,-1,0,0,0,0,0,0,-1,7,6,40,575,407,350,34,83,548,7,,58,41,415,699,123,1271,,0,0,0,0,0,0,0,,,,0,0,0,0,,,0,0,0,0,0,0,0,,,,0,0,0,0,,,0,0,0,0,0,0,,,,0,0,0,0,0,,,10,22
eSiZRUL0lMCJ6Qy8Nc4kkFxmGPk1PTWO7Zz2JcV0izU=,TRUE,TRUE,TRUE,Lang Fui Ying,407,Singapore,3,5,1,4,3,2,,,1,1,1,0,1,1,1,1,1,1,1,1,1,1,1,1,1,1,0,1,1,1,1,0,,,,,,TRUE,A,A,TRUE,1,1,1,0,1,1,1,1,0,1,1,1,1,1,1,-1,8,6,33,211,342,359,58,54,403,581,244,139,351,154,813,333,304,,0,0,0,0,0,0,0,0,,,0,0,0,0,,,0,0,0,0,0,0,0,0,,,0,0,0,0,,,0,0,0,0,0,0,,0,,0,1,0,0,0,,,10,21
LyNl4BEdyBGbNwOGS6e2dLt4qEPunfbtRTtE+qwQBlQ=,TRUE,TRUE,TRUE,Mr Ng Say Tiong,2049,Singapore,1,2,1,1,1,1,1,,1,1,1,0,1,1,1,1,1,0,1,0,1,0,1,1,1,1,1,1,1,0,1,1,,,,,,TRUE,A,A,TRUE,1,0,0,1,1,0,0,-1,-1,0,0,0,0,-1,0,-1,7,5,54,1029,352,309,52,316,37,,,590,307,723,51,,843,,0,1,1,0,0,0,0,,,,0,1,0,,,,0,1,0,0,0,0,0,,,,0,0,0,,,,0,1,1,1,0,1,,,,0,0,0,0,,,,4,19
aPTQGQprk3RRu+Cv1NOAIoS08Ss8dT/apj74ZxFEXB0=,TRUE,TRUE,TRUE,Ms Yu Qian,2020,Singapore,1,1,1,2,1,1,,,1,1,0,0,0,0,1,0,1,0,1,0,0,0,0,1,1,0,1,1,1,0,1,1,,,,,,TRUE,A,A,TRUE,1,1,1,1,1,0,-1,-1,-1,1,0,0,-1,-1,0,-1,6,4,46,339,842,289,183,57,,,1,495,531,459,3,2,813,,0,0,0,0,0,0,,,,,0,0,,,,,0,0,0,0,0,0,,,,,0,0,,,,,0,1,0,0,0,0,,,,0,0,1,,,,,5,12
TYmtiMCqGiPc5C67EQUrWZMVkz+K90kuL9Sv1B4uZBs=,TRUE,TRUE,TRUE,Lang Fui Ying,2538,Singapore,1,5,1,1,3,1,,,1,1,1,1,0,1,1,1,1,1,1,0,1,1,1,1,1,1,0,1,0,0,1,1,,,,,,TRUE,A,A,TRUE,1,1,1,1,1,1,0,-1,-1,1,1,1,0,-1,0,-1,7,5,25,141,282,297,49,670,492,,,278,214,189,972,,794,,0,0,0,0,0,0,0,,,,0,0,0,,,,0,0,0,0,0,0,0,,,,0,0,0,,,,0,0,0,0,0,0,,,,0,0,0,0,,,,6,19
5vcge90LQDsSDGBg67Ao6Z5LS0DAP39Tgg2zjaRkCig=,TRUE,TRUE,TRUE,Ms Eileen Tan,3100,Singapore,2,2,2,3,2,2,,,1,1,0,1,1,1,1,1,1,1,1,0,1,1,1,1,0,1,1,1,1,0,0,1,,,,,,TRUE,A,A,TRUE,1,1,1,1,1,1,1,0,-1,1,1,0,1,0,0,-1,8,6,82,762,265,202,56,137,227,346,13,272,680,353,281,63,446,,1,1,0,0,0,0,0,0,,,0,0,0,0,,,1,1,0,0,0,0,0,0,,,0,0,0,0,,,0,0,0,0,0,0,,0,,0,1,0,0,0,,,9,19
9D8kIut0esQi8pLevgAmMsKn+FnTfMncCOLDwQgJ+BQ=,TRUE,TRUE,TRUE,Ms Yu Qian,2369,Singapore,2,3,1,4,3,2,,,1,1,1,1,1,1,1,0,1,1,1,0,1,1,1,1,1,1,1,1,1,1,1,1,,,,,,TRUE,A,A,TRUE,1,0,1,0,1,1,1,0,-1,1,0,0,0,-1,0,-1,8,5,42,646,287,394,138,285,226,11,4,550,663,467,17,1,268,,0,0,0,0,0,0,0,0,,,0,0,0,,,,0,0,0,0,0,0,0,0,,,0,0,0,,,,0,1,1,1,1,0,,0,,0,0,0,0,,,,10,22
iv7N3irW2HAAtUSs1EvACRFrGB/0CHNndngBMtOaAxM=,TRUE,TRUE,TRUE,Ms Yu Qian,2322,Singapore,2,1,1,2,2,1,1,,1,1,1,1,1,1,1,1,1,0,1,0,1,1,1,1,0,1,1,1,1,1,1,1,,,,,,TRUE,A,A,TRUE,1,1,1,0,-1,-1,-1,-1,-1,1,1,1,0,-1,-1,-1,4,4,39,487,1038,119,9,3,8,8,3,262,494,212,1283,22,,,0,0,0,0,,,,,,,0,0,0,,,,0,0,0,0,,,,,,,0,0,0,,,,0,0,0,0,,,,,,0,0,0,0,,,,6,21
7G+9gc9gT1GtUCKHpVrM9eGVvdVw5ESMrHHDzRglXhM=,TRUE,TRUE,TRUE,Ms Yu Qian,2543,Singapore,3,3,3,2,4,2,,,1,1,1,1,1,1,1,1,1,1,1,1,1,1,1,1,1,1,1,1,1,1,1,1,,,,,,TRUE,A,A,TRUE,1,1,1,1,1,1,1,1,1,1,1,1,1,1,1,-1,8,6,24,133,259,250,129,52,407,219,1417,94,132,308,397,353,1291,,0,,0,0,0,0,0,0,,,0,0,0,,,,0,,0,0,0,0,0,0,,,0,0,0,,,,0,,0,0,0,0,,0,,0,0,0,0,,,,11,24
fz4J08m2UvMcW/ZMmhwgAAmVyB2nRQnnaTqUpxLwoUY=,TRUE,TRUE,TRUE,Ms Yu Qian,2302,Singapore,2,1,1,3,2,1,,,1,1,1,1,1,1,1,1,1,1,1,0,1,1,1,1,1,1,1,1,1,1,1,1,,,,,,TRUE,A,A,TRUE,0,1,1,1,1,1,1,0,-1,1,1,1,1,0,-1,-1,8,5,29,160,192,172,46,85,332,342,,186,321,153,610,439,19,,0,0,0,0,0,0,0,0,,,0,0,0,0,,,0,0,0,0,0,0,0,0,,,0,0,0,0,,,0,0,0,0,0,0,,0,,0,0,0,0,0,,,7,23
Ywr5J1exDjHkmJvVf3I9cm+vZl+Acq3pVGNRqgRhQmQ=,TRUE,TRUE,TRUE,Lang Fui Ying,3270,Singapore,2,1,1,1,3,2,,,1,1,1,1,1,1,1,1,1,0,1,0,1,1,1,1,1,1,1,1,1,1,1,1,,,,,,TRUE,A,A,TRUE,1,1,1,1,1,0,-1,-1,-1,0,0,1,0,-1,0,-1,6,5,33,142,310,543,44,994,,,,666,391,369,320,,891,,0,0,0,1,0,0,,,,,0,0,0,,,,0,0,0,0,0,0,,,,,0,0,0,,,,0,0,0,1,0,0,,,,0,0,0,0,,,,7,22
1uOEEY13A2HfMzbkibPxqEW3rEftL6NGy+vG4uin9SM=,TRUE,TRUE,TRUE,Mr Ng Say Tiong,2496,Singapore,2,5,1,2,2,2,1,,1,1,1,0,1,1,1,1,1,0,0,0,1,1,1,1,0,1,1,0,1,0,1,1,,,,,,TRUE,A,A,TRUE,1,0,-1,-1,-1,-1,-1,-1,-1,1,1,0,-1,-1,-1,-1,2,3,51,350,,,,,,,,554,1048,346,,,,,0,0,,,,,,,,,0,0,,,,,0,0,,,,,,,,,0,0,,,,,0,0,,,,,,,,0,1,0,,,,,7,17
NFYF90qUeUrl6MZT91SO5zwQrhDz4TNzxTxqkKawUWU=,TRUE,TRUE,TRUE,Lang Fui Ying,3591,Singapore,1,5,1,2,2,1,,,0,0,1,0,1,1,1,0,0,0,1,1,0,0,0,1,0,1,1,1,1,0,1,1,,,,,,TRUE,A,A,TRUE,1,1,1,0,-1,-1,-1,-1,-1,1,0,-1,-1,-1,0,-1,4,3,37,265,856,733,,,,,,1328,424,,,,889,,0,0,0,0,,,,,,,0,,,,,,0,0,0,0,,,,,,,0,,,,,,0,0,0,0,,,,,,0,0,,,,,,6,13
K0gVz8RRLLbN6wF6/udvbRzTUktf4SPKWy+IOHlGVwI=,TRUE,TRUE,TRUE,Ms Li,2320,Singapore,1,1,1,2,1,1,,,1,1,1,0,1,1,1,1,1,1,1,0,1,1,1,1,1,1,1,1,1,0,1,1,,,,,,TRUE,A,A,TRUE,1,1,-1,-1,-1,-1,-1,-1,-1,1,0,-1,-1,-1,0,-1,2,3,49,780,38,,,,,,,885,658,,,,858,,0,0,,,,,,,,,0,,,,,,0,0,,,,,,,,,0,,,,,,0,0,,,,,,,,1,0,,,,,,5,21
zW/Z/7p4cqAKCC8cTVUdOh5dkyIUhueC8ynzt19V610=,TRUE,TRUE,TRUE,S. H√∂lscher,1566,Germany,2,3,1,2,1,2,,,1,1,1,0,0,0,1,1,1,1,1,0,1,1,1,1,1,1,1,0,1,0,1,1,24,2,,2,2,TRUE,A,A,TRUE,1,1,1,1,1,0,1,0,-1,1,1,1,0,-1,0,-1,8,5,,,,,,,,,,1,1,1,2,,,,0,0,0,0,0,0,0,0,0,0,0,0,0,0,0,0,0,0,0,0,0,0,0,0,0,0,0,0,0,0,0,0,0,0,0,0,0,0,0,0,0,0,0,0,0,0,0,0,6,18
AZfASrDb5pt4RulV6UoSFy61VsHEKGC1Ux91DIxlQgI=,TRUE,TRUE,TRUE,S. H√∂lscher,1464,Germany,2,4,1,1,2,2,1,,1,1,1,0,1,1,1,1,0,1,1,0,1,1,1,1,1,1,1,1,0,0,0,1,25,1,,2,2,TRUE,A,B,FALSE,1,1,-1,1,1,1,1,1,0,1,1,1,0,-1,-1,0,7,4,1,,,1,1,,1,1,1,1,1,1,1,,,1,0,0,,0,0,0,0,0,0,0,0,0,0,,,0,0,0,,0,0,0,0,0,0,0,0,0,0,,,0,0,0,,0,0,0,0,0,0,0,0,1,0,,,0,6,18
gGC/RlyK5wHIU+dPdyHPLTi4hClARxsiBEAdS25vcR4=,TRUE,TRUE,TRUE,S. H√∂lscher,1937,Germany,2,3,1,2,1,2,2,Neuron,1,1,0,0,0,1,1,1,0,0,1,0,0,0,1,1,0,1,1,1,1,1,0,0,24,4,,2,2,TRUE,A,B,FALSE,1,1,0,1,1,1,0,0,-1,0,0,0,-1,-1,-1,-1,8,3,1,,,,,,,,,3,5,2,,,,,0,0,0,0,0,0,0,0,0,0,0,0,,,,,0,0,0,0,0,0,0,0,0,0,0,0,,,,,0,0,0,0,0,0,0,1,0,1,0,0,,,,,6,13
olel7JqfeDl+23B7jqOEEE/rmnDtcRhKtc4h+wzH7mc=,TRUE,TRUE,TRUE,S. H√∂lscher,2068,Germany,1,2,1,1,1,1,,,1,1,0,0,0,0,0,1,0,0,1,0,1,1,1,1,0,1,1,1,1,1,0,0,24,2,,2,2,TRUE,AB,AB,TRUE,1,1,1,1,1,1,1,0,-1,1,1,1,0,0,0,-1,8,6,1,1,1,1,1,1,2,1,,1,1,1,1,2,,,0,0,0,0,0,0,0,1,0,0,0,0,1,0,0,0,0,0,0,0,0,0,0,1,0,0,0,0,1,0,0,0,0,0,0,0,0,0,0,0,0,0,1,0,1,0,0,0,4,13
wkUx4ebs82yU/z+AhB+qIcYFBFJ0lwaP9cVZW4fBcX8=,TRUE,TRUE,TRUE,S. H√∂lscher,2144,Germany,1,3,1,4,1,1,1,,1,1,1,0,1,0,1,0,1,1,1,0,1,1,1,1,1,1,1,1,1,0,1,1,24,2,,1,1,TRUE,B,A,FALSE,1,0,1,1,1,1,0,0,-1,1,1,1,0,-1,0,-1,8,5,1,1,1,1,1,1,1,1,,1,1,1,2,,,,0,0,0,0,1,0,0,1,,0,0,0,0,0,0,0,0,0,0,0,1,0,0,1,,0,0,0,0,0,0,0,0,0,0,0,0,0,0,0,,0,0,1,0,0,0,0,7,19
kp/eNq9MCVtSv/34T168Bns0nbioVLUtATHHzVUcEQU=,TRUE,TRUE,TRUE,S. H√∂lscher,1866,Germany,1,3,1,1,1,1,,,1,1,0,0,1,1,0,0,1,0,1,0,0,0,0,1,0,0,1,1,0,0,0,0,24,2,,2,2,TRUE,AB,A,FALSE,1,1,0,-1,-1,-1,-1,-1,-1,-1,-1,-1,-1,-1,0,-1,3,1,1,1,,,,,,,,,,,,,,,0,0,0,0,0,0,0,0,0,,,,,0,0,0,0,0,0,0,0,0,0,0,0,,,,,0,0,0,0,1,0,0,0,0,0,0,0,,,,,0,0,0,4,9
fVU6A/2vdGwoRTPluzu8lsYeBypvToQe1Ga3inJWMAg=,TRUE,TRUE,TRUE,S. H√∂lscher,2567,Germany,4,2,2,4,1,3,,,1,1,1,1,1,1,1,1,1,1,1,1,1,1,1,1,1,1,1,1,1,1,0,1,24,1,,2,2,TRUE,AB,A,FALSE,1,1,1,1,1,1,1,-1,-1,1,1,1,0,-1,0,-1,7,5,,,,,,1,1,,,1,1,1,2,,,,0,0,0,0,0,1,1,,,0,1,0,1,0,0,0,0,0,0,0,0,1,1,,,0,1,0,1,0,0,0,0,0,0,0,0,0,0,,,0,0,0,1,0,0,0,10,23
3Oe7w54+Dk8kEzKaXmzBvRnHI0wPGCQOJFr+Ta0RaVA=,TRUE,TRUE,TRUE,S. H√∂lscher,2470,Germany,1,2,1,1,1,1,1,,1,1,1,1,1,1,1,1,1,0,1,0,1,0,1,1,1,1,1,1,0,0,0,1,24,2,,2,2,TRUE,A,B,FALSE,1,1,1,1,1,-1,-1,-1,-1,1,1,-1,-1,-1,-1,-1,5,2,1,1,1,1,1,,,,,1,1,2,,,,,0,0,0,0,0,0,0,0,0,0,0,0,,,,,0,0,0,0,0,0,0,0,0,0,0,0,,,,,0,0,0,1,0,0,0,0,0,0,0,0,,,,,4,18
uEvEJeTbwEC6NxHmOs43mrRiyTQRbV6fZbrdHiFDmQA=,TRUE,TRUE,TRUE,H. Halfmouw,1347,Netherlands,4,4,1,2,4,4,1,,1,1,1,1,1,1,1,1,1,0,1,0,1,1,1,1,1,1,1,1,1,1,1,1,23,1,,2,1,TRUE,AB,AB,TRUE,1,1,1,0,1,1,1,1,0,1,1,0,0,0,0,-1,8,6,1,1,1,1,1,1,1,,1,1,1,1,1,2,1,,0,0,0,0,0,0,0,0,0,0,0,0,0,0,0,0,0,0,0,0,0,0,0,0,0,0,0,0,0,0,0,0,0,0,0,0,0,0,0,1,0,0,1,1,0,0,0,0,11,22
ePE8wBy+Xi3UiKV6eu96kgCIQn3h6Uixf6HRRAcCzGM=,TRUE,TRUE,TRUE,H. Halfmouw,1452,Netherlands,2,5,1,2,4,4,1,.,1,0,1,1,1,0,0,1,1,1,1,0,1,0,1,1,0,1,0,1,1,0,0,1,23,2,,1,1,TRUE,AB,AB,TRUE,1,1,1,1,1,1,1,0,-1,1,1,1,0,0,0,-1,8,6,1,1,1,1,2,1,1,1,,1,1,1,3,,,,0,0,1,1,0,0,0,0,0,0,0,0,0,0,0,0,0,0,1,1,0,0,0,0,0,0,0,0,0,0,0,0,0,1,1,1,0,0,0,1,0,0,0,1,0,0,0,0,11,15
ooNeID4fiwkBPTMriXNP9eumxMwPh2Wv/dJWJM4sRDA=,TRUE,TRUE,TRUE,H. Halfmouw,1432,Netherlands,2,1,1,2,3,3,1,,1,1,1,1,1,1,1,1,1,0,1,0,0,1,1,1,0,0,1,1,1,0,1,0,23,1,,2,2,TRUE,AB,B,FALSE,1,1,1,1,1,1,0,-1,-1,1,1,1,0,0,0,-1,7,6,1,1,1,1,,1,1,,,1,1,1,2,2,2,,0,0,0,0,0,1,1,0,0,0,1,0,1,0,0,0,0,0,0,0,0,1,1,0,0,0,1,0,1,0,0,0,0,0,0,0,0,0,1,0,0,0,1,1,1,0,0,0,9,17
picWViFjMn9vb26qy4IpXkkVyI0Ve4mYthLxzrrL+Eo=,TRUE,TRUE,TRUE,H. Halfmouw,1687,Netherlands,2,2,1,1,3,4,1,,1,1,1,0,1,1,1,1,1,0,1,0,0,0,1,1,1,1,1,1,1,0,0,0,24,2,,2,2,TRUE,A,A,TRUE,1,1,0,1,1,0,1,0,0,0,1,1,0,0,0,-1,8,6,1,1,1,1,1,1,1,3,1,1,1,1,1,,,,0,0,0,0,0,0,0,0,0,0,0,0,0,0,0,0,0,0,0,0,0,0,0,0,0,0,0,0,0,0,0,0,0,0,0,0,0,0,0,1,0,0,0,0,0,0,0,0,9,16
3Zm5oHMdB+6ZVbQtZ/cruDBDcgw33q0CVm9qCIXywDA=,TRUE,TRUE,TRUE,H. Halfmouw,2069,Netherlands,3,5,1,1,4,4,4,CSS,1,1,1,0,1,1,1,1,1,0,1,0,1,0,1,1,1,1,1,1,1,0,1,1,23,1,,1,2,TRUE,A,A,TRUE,1,1,1,1,1,1,1,0,-1,1,1,1,0,-1,0,-1,8,5,,,,,,,,,,,,,,,,,0,0,0,0,0,0,0,0,0,0,0,0,0,0,0,0,0,0,0,0,0,0,0,0,0,0,0,0,0,0,0,0,0,0,0,1,0,0,0,1,0,0,1,0,1,0,0,0,10,19
1sNXVStxZkA2tllJ5Grl6F62b8o1haGauvKhPgSkb2I=,TRUE,TRUE,TRUE,H. Halfmouw,2054,Netherlands,3,5,1,1,4,4,1,,1,1,1,0,0,1,1,0,1,1,1,0,0,0,1,1,0,1,0,0,0,0,1,1,23,1,,2,2,TRUE,B,B,TRUE,1,1,1,1,1,1,1,0,-1,1,1,0,0,0,0,-1,8,6,1,1,1,1,1,1,1,,,1,1,3,2,1,1,,1,0,1,1,0,0,0,1,0,0,0,1,0,0,0,,1,0,1,1,0,0,0,1,0,0,0,1,0,0,0,,0,0,0,1,0,0,0,0,0,0,0,1,0,0,0,,10,13
Sy5nyNPVsOykwGHqz+FeADo18VsCtZZXe8IDAW/MzVg=,TRUE,TRUE,TRUE,H. Halfmouw,2424,Netherlands,2,5,1,2,3,3,1,,1,1,1,1,1,1,1,0,1,1,1,1,1,1,1,1,1,1,1,1,1,1,1,1,23,4,,2,1,TRUE,B,B,TRUE,1,1,1,1,1,1,1,1,0,1,1,1,1,1,0,0,8,6,2,2,1,1,1,1,1,1,1,1,1,1,1,1,1,1,1,0,0,0,0,0,0,0,0,0,0,0,0,0,0,0,1,0,0,0,0,0,0,0,0,0,0,0,0,0,0,0,0,0,0,0,0,0,0,0,0,0,0,0,0,0,0,0,9,23
JSyRstFVJzxgf/edUzAZoqUbjjzVKQ1TRf8GI6c/cGo=,TRUE,TRUE,TRUE,H. Halfmouw,1624,Netherlands,3,2,1,1,3,3,5,,1,0,1,0,0,1,0,1,0,0,0,0,0,1,1,1,0,0,1,1,0,1,0,0,25,1,,2,2,TRUE,AB,AB,TRUE,1,1,1,0,1,1,1,0,-1,1,1,0,-1,-1,0,-1,8,4,1,1,1,1,,1,1,2,,1,1,2,,,,,0,0,0,1,0,0,0,0,0,0,0,0,0,0,0,0,0,0,0,1,0,0,0,0,0,0,0,0,0,0,0,0,0,1,0,0,0,0,1,0,0,0,0,0,0,0,0,0,8,10
STRgZiFkAoUjJUxRvjIWeDNTuKtcVWyJdZbWghteLzc=,TRUE,TRUE,TRUE,H. Halfmouw,1784,Netherlands,3,5,1,5,4,4,5,,1,1,1,1,1,1,1,1,1,0,1,0,1,1,1,1,1,1,1,0,1,0,1,0,23,1,,2,2,TRUE,B,B,TRUE,1,1,1,1,1,1,1,1,0,1,1,1,1,1,0,-1,8,6,1,1,1,1,1,1,1,1,1,1,1,1,1,1,1,,1,0,0,0,0,0,0,1,0,0,0,0,0,0,0,,1,0,0,0,0,0,0,1,0,0,0,0,0,0,0,,0,0,0,0,0,0,0,0,0,0,0,1,0,0,0,,14,19
sN+5BWBTUvIzUgYI4GQJxUUQFaEZ/8tu9TVH+PeZdDk=,TRUE,TRUE,TRUE,H. Halfmouw,2074,Netherlands,2,2,1,2,3,3,2,c#,1,1,1,0,1,1,1,1,1,1,1,0,1,1,1,1,0,1,1,1,1,1,0,1,23,3,apache attack helicopter,2,2,TRUE,B,AB,FALSE,1,1,1,1,1,1,1,1,0,1,1,1,1,1,0,-1,8,6,1,1,1,1,1,1,1,1,1,1,1,1,1,1,1,,0,0,0,0,0,0,0,0,0,0,0,0,0,0,0,0,0,0,0,0,0,0,0,0,0,0,0,0,0,0,0,0,0,0,0,0,0,0,0,0,0,0,0,0,0,0,0,0,9,20
PfC+PZUSVw2SN3bAE/z9ahUEg/aZ+2kDPhBnEjWeMiA=,TRUE,TRUE,TRUE,H. Halfmouw,2344,Netherlands,4,5,2,5,4,3,5,,1,1,1,1,1,1,1,0,1,0,1,1,1,1,1,1,1,1,0,0,1,1,0,1,22,1,,2,2,TRUE,A,A,TRUE,1,1,1,1,1,1,1,1,0,1,1,1,1,1,0,0,8,6,1,,,,,,,,,1,1,1,,,,,0,0,0,0,0,0,0,0,0,0,0,0,0,0,0,0,0,0,0,0,0,0,0,0,0,0,0,0,0,0,0,0,0,0,0,0,0,0,0,0,0,1,0,0,0,1,0,0,14,19
FwKqrmB+br4CGK9hKygIV4mE+ZxqwG8Yon6DN9lD8zo=,TRUE,TRUE,TRUE,H. Halfmouw,2210,Netherlands,2,3,1,2,4,4,4,css,1,1,0,0,1,1,1,1,1,0,1,0,0,1,0,0,0,1,1,0,1,0,0,1,23,1,,2,2,TRUE,A,A,TRUE,-1,-1,-1,0,1,1,0,-1,-1,-1,-1,-1,-1,-1,0,-1,4,1,,,,,,,,,,,,,2,,,,,,,0,0,0,0,0,0,,,,0,0,0,0,,,,0,0,0,0,0,0,,,,0,0,0,0,,,,0,0,0,0,0,0,,,,0,0,0,0,11,13
xIRdYzrRhSOWaTzUJTybSRvLq3u235B4ALci5mZX1FU=,TRUE,TRUE,TRUE,H. Halfmouw,2670,Netherlands,4,5,2,2,5,5,5,jf,1,1,1,1,1,1,1,1,1,1,1,0,1,0,1,1,0,1,1,1,1,0,0,1,24,1,,2,1,TRUE,A,A,TRUE,1,1,1,1,1,1,1,0,-1,1,0,1,0,-1,0,-1,8,5,1,1,1,1,1,,,,,,,,,,,,0,0,0,0,0,0,0,0,0,0,0,0,0,0,0,0,0,0,0,0,0,0,0,0,0,0,0,0,0,0,0,0,0,0,0,0,0,0,0,0,0,0,1,0,1,0,0,0,14,19
vYtKz/ZwjDBZEgs1rISAcriOEu11lSiIhFIdd/6UuBw=,TRUE,TRUE,TRUE,H. Halfmouw,1359,Netherlands,2,5,1,1,4,3,4,Netlogo,1,1,1,1,0,1,1,1,1,0,1,0,0,0,1,1,0,1,1,1,1,0,1,1,24,1,,2,2,TRUE,B,AB,FALSE,1,1,1,1,1,1,1,1,0,1,0,1,0,-1,-1,-1,8,4,1,1,1,1,1,1,1,1,1,,1,1,,,,,0,0,0,1,0,0,0,1,0,0,0,0,0,0,0,0,0,0,0,1,0,0,0,1,0,0,0,0,0,0,0,0,0,1,0,1,0,0,1,1,0,0,1,1,0,0,0,0,9,17
3D3l/6dLS8qKJqRvCgmZ4K/UlRgRJPFzAKj9/Hb48Q8=,TRUE,TRUE,TRUE,H. Halfmouw,1393,Netherlands,3,5,2,5,4,3,1,,1,1,1,1,1,1,1,0,1,1,1,0,0,1,1,0,1,1,0,0,0,0,0,1,24,1,,2,1,TRUE,A,A,TRUE,1,1,1,1,1,1,1,0,-1,1,1,1,0,-1,-1,-1,8,4,1,1,1,1,1,1,1,1,,,,,,,,,0,0,0,0,0,0,1,0,0,0,0,0,0,0,0,0,0,0,0,0,0,0,1,0,0,0,0,0,0,0,0,0,0,0,0,0,0,0,0,0,0,0,0,0,0,0,0,0,14,15
mOJujlHRhZ6CwrLL9lIFN8GAoyRa9cu3WOBeEu9apmQ=,TRUE,TRUE,TRUE,H. Halfmouw,1448,Netherlands,1,5,1,1,3,4,1,,1,1,0,0,0,1,1,1,1,0,1,0,0,1,1,1,0,1,1,1,1,1,0,1,24,2,,2,2,TRUE,AB,AB,TRUE,1,1,1,1,1,1,1,0,-1,0,0,0,-1,-1,-1,-1,8,3,1,1,1,,1,2,2,1,,1,1,1,,,,,0,0,0,0,0,0,0,0,0,0,0,0,0,0,0,0,0,0,0,0,0,0,0,0,0,0,0,0,0,0,0,0,0,0,0,1,0,0,0,1,0,1,0,0,0,0,0,0,9,16
I7nU+ZebgzbldlvTs1CBQ80qXOaAHUhy9IXjAuDzJnI=,TRUE,TRUE,TRUE,H. Halfmouw,1534,Netherlands,2,5,1,1,3,4,5,,1,1,0,0,0,1,1,0,1,1,1,0,0,1,1,1,0,1,1,1,1,1,1,1,25,2,,2,2,TRUE,B,AB,FALSE,1,0,1,1,1,1,1,1,0,1,1,0,-1,-1,-1,-1,8,3,1,1,1,1,1,1,1,2,1,,,,,,1,,0,0,0,0,0,0,0,1,0,0,0,0,0,,0,,0,0,0,0,0,0,0,1,0,0,0,0,0,,0,,0,0,0,0,0,0,0,0,0,0,0,0,0,,0,,9,17
htxpr3R2Urh8FmD02dF1M5uXO15QVRdkAPPsJ5EMrkA=,TRUE,TRUE,TRUE,H. Halfmouw,1580,Netherlands,2,5,1,2,3,3,3,netlogo,1,1,1,1,1,1,1,0,1,1,1,0,1,1,1,1,1,1,1,1,1,0,0,1,24,1,,2,2,TRUE,A,A,TRUE,1,1,1,1,-1,1,1,0,0,0,1,1,0,-1,-1,-1,7,4,1,1,1,1,1,,1,1,1,1,,1,,1,,,0,0,0,0,0,0,0,0,0,0,0,0,0,0,0,0,0,0,0,0,0,0,0,0,0,0,0,0,0,0,0,0,0,0,0,0,0,0,0,0,0,0,0,0,0,0,0,0,9,20
2lluvJsnC6hhCnFjaK63rah0m4dqE3Px02AjywZqu0c=,TRUE,TRUE,TRUE,H. Halfmouw,1581,Netherlands,4,5,2,1,4,3,4,Netlogo,1,1,0,0,1,1,1,1,1,1,1,0,1,0,1,1,0,1,1,0,0,1,1,1,24,1,,2,2,TRUE,B,B,TRUE,1,1,1,1,1,1,1,1,0,1,1,1,1,0,-1,1,8,5,1,1,1,1,1,1,1,1,1,1,1,1,1,1,,2,0,0,0,0,0,0,0,0,0,0,0,0,0,0,0,0,0,0,0,0,0,0,0,0,0,0,0,0,0,0,0,0,0,0,0,0,0,0,0,0,0,0,0,0,1,0,0,0,10,17
ZdqkuXqoY+wHEAGFjceLA88FN2+fXeTzIyrqVTVN5R4=,TRUE,TRUE,TRUE,H. Halfmouw,1595,Netherlands,3,5,1,1,3,3,4,Gamemaker ,1,1,1,0,1,1,1,1,1,1,1,0,1,1,1,1,1,1,1,1,0,0,1,0,23,1,,2,2,TRUE,A,A,TRUE,1,1,1,1,1,1,1,1,0,1,0,1,0,0,1,0,8,6,1,1,1,1,1,1,1,1,1,1,1,1,1,1,1,1,0,0,0,0,0,0,0,0,0,0,0,0,0,0,0,0,0,0,0,0,0,0,0,0,0,0,0,0,0,0,0,0,0,0,0,1,0,0,1,1,0,0,0,1,0,0,0,0,8,19
MXszfvqLmJ8lmr0tb151LmurMQLgu6O/qSOCYRgrLig=,TRUE,TRUE,TRUE,H. Halfmouw,1710,Netherlands,3,4,1,1,3,3,3,netlogo,1,1,0,0,0,1,1,1,1,1,1,0,1,1,1,1,1,1,0,1,0,1,1,0,24,1,,2,2,TRUE,A,A,TRUE,1,1,1,1,1,1,1,1,0,1,1,1,0,-1,-1,-1,8,4,1,1,1,1,1,1,1,1,1,1,1,1,,,,,0,0,0,0,0,0,0,0,0,0,0,0,0,0,0,0,0,0,0,0,0,0,0,0,0,0,0,0,0,0,0,0,0,0,0,0,0,0,0,0,0,0,0,0,0,0,0,0,8,17
kwPGasGZdYWljwsyAmCQOw35090bpKIMlqTSAPp46gs=,TRUE,TRUE,TRUE,H. Halfmouw,1778,Netherlands,2,5,1,1,3,2,2,Arduino,1,1,1,1,0,1,1,1,1,1,1,1,1,1,1,1,1,1,1,1,1,0,1,1,24,1,,1,2,TRUE,AB,B,FALSE,1,1,1,1,0,1,1,0,-1,1,1,1,0,-1,-1,-1,8,4,1,1,1,1,,,,,,1,1,1,1,,,,0,0,0,0,0,0,0,0,0,0,0,0,1,0,0,0,0,0,0,0,0,0,0,0,0,0,0,0,1,0,0,0,0,0,0,0,0,0,0,0,0,0,0,0,0,0,0,0,7,22
jvRE9L/D2UbxhabvKjAer21urb+bh4vkwiJ+WnFQ9gI=,TRUE,TRUE,TRUE,H. Halfmouw,704,Netherlands,3,5,1,3,3,3,3,GML,1,1,1,1,1,1,1,0,1,1,1,0,1,1,1,1,1,1,1,1,1,0,1,1,24,1,,1,1,TRUE,AB,AB,TRUE,1,1,1,1,1,1,0,0,-1,1,1,1,0,-1,-1,-1,8,4,1,1,1,1,1,1,1,,,1,1,1,1,,,,0,0,0,0,0,0,0,0,0,0,0,0,0,0,0,0,0,0,0,0,0,0,0,0,0,0,0,0,0,0,0,0,0,0,0,0,0,0,1,1,0,0,0,0,0,0,0,0,10,21
xLj5roA+miyDN84jWWlJ4KZYKlKDkEPigq8fAPUdVAA=,TRUE,TRUE,TRUE,Kolk,1616,Netherlands,2,5,1,3,3,4,1,none,1,1,1,0,1,1,1,0,1,1,1,0,1,0,1,1,1,1,1,0,1,1,0,1,23,1,,2,2,TRUE,A,A,TRUE,1,1,1,1,1,1,1,0,-1,1,1,0,-1,-1,-1,-1,8,3,1,1,1,2,2,2,2,2,,1,,1,,,,,0,1,0,0,0,0,0,1,0,0,1,0,1,0,0,0,0,1,0,0,0,0,0,1,0,0,1,0,1,0,0,0,0,0,0,0,0,0,0,0,0,0,1,0,0,0,0,0,11,18
9b6M5qiBpD96bO5qq2BQnAkIJFhr8O2xnHOq/Pf82ks=,TRUE,TRUE,TRUE,Kolk,1754,Netherlands,3,5,1,1,3,4,1,idk,1,1,1,1,1,1,1,1,1,0,1,0,1,1,1,1,0,1,1,1,1,0,0,1,24,2,,2,1,TRUE,A,A,TRUE,1,1,1,1,1,0,0,0,0,1,1,1,0,1,0,-1,8,6,1,1,1,1,1,1,1,1,,1,1,2,1,1,1,,0,0,0,1,0,0,1,0,0,0,0,0,0,0,0,0,0,0,0,1,0,0,1,0,0,0,0,0,0,0,0,0,0,0,0,1,0,0,0,0,0,0,0,0,0,0,0,0,9,19
CWobWh92GZVWsUvQLIZL7i+5eH7wuLp8OUr3FHxlik0=,TRUE,TRUE,TRUE,Kolk,1719,Netherlands,3,5,1,1,3,4,1,none,1,1,1,0,1,1,1,1,1,1,1,0,1,1,1,1,1,1,1,1,1,1,1,1,29,4,,1,1,TRUE,AB,B,FALSE,1,1,1,1,1,1,1,1,0,1,1,1,0,0,0,0,8,6,1,1,1,3,1,,4,3,2,1,2,1,2,2,1,1,0,0,0,1,0,0,1,1,0,0,0,0,0,0,0,0,0,0,0,1,0,0,1,1,0,0,0,0,0,0,0,0,0,0,0,1,0,0,0,0,0,0,0,0,0,1,0,0,9,22
JDHtqbRnHdqha6zXC8o83PrFwgzRm9TIXWWGqeb2Pww=,TRUE,TRUE,TRUE,Kolk,1844,Netherlands,4,3,1,5,2,3,4,C#,1,1,1,1,1,1,1,1,1,0,1,1,1,1,1,1,1,1,1,1,1,1,0,1,23,1,,2,2,TRUE,B,B,TRUE,1,1,1,1,1,1,0,1,0,1,1,1,1,0,0,0,8,6,1,1,1,1,1,1,1,1,1,1,1,1,1,1,1,1,0,0,0,0,0,0,0,0,0,0,0,0,0,0,0,0,0,0,0,0,0,0,0,0,0,0,0,0,0,0,0,0,0,0,0,0,0,0,0,0,0,0,0,0,0,0,0,0,11,22
Q9h99tHv1O1w2ZJROas04wdTBPq4jUlpiU+emyxszFs=,TRUE,TRUE,TRUE,Kolk,1929,Netherlands,3,5,1,3,4,4,3,css,1,1,1,1,1,1,1,1,0,1,1,0,1,1,0,1,0,1,1,1,1,1,1,1,22,1,,1,1,TRUE,A,A,TRUE,1,1,1,1,0,1,1,1,0,1,1,1,0,-1,0,-1,8,5,1,1,1,,1,,,,,1,1,1,2,,,,0,0,0,0,0,0,0,0,0,0,0,0,0,0,0,0,0,0,0,0,0,0,0,0,0,0,0,0,0,0,0,0,0,0,0,0,0,0,0,0,0,0,1,1,1,0,0,0,12,20
f+7wMzZU7GsK5l8j+jyJK3t0jpMMbIwBgV0nFJ1y13Q=,TRUE,TRUE,TRUE,Kolk,2176,Netherlands,2,5,1,1,4,3,1,,1,1,1,0,1,1,1,1,1,1,1,0,0,1,1,1,1,1,1,1,1,1,0,0,24,1,,1,2,TRUE,A,A,TRUE,1,1,1,1,1,0,1,0,0,0,0,0,0,-1,-1,-1,8,4,1,1,1,1,1,1,1,2,1,1,1,1,1,,,,0,0,0,1,0,0,0,0,0,0,0,0,0,0,0,0,0,0,0,1,0,0,0,0,0,0,0,0,0,0,0,0,0,0,1,1,0,0,1,0,0,0,0,0,0,0,0,0,9,19
QAqfTQVzVb0ZMVyDODAPNfBaXB0clxVb83iyDotGhk0=,TRUE,TRUE,TRUE,Kolk,2285,Netherlands,3,5,1,1,3,4,1,,1,0,1,0,1,1,1,0,1,1,1,0,0,0,1,0,0,1,0,0,1,0,1,0,24,2,,2,2,TRUE,A,A,TRUE,1,0,-1,-1,-1,-1,-1,-1,-1,1,1,0,0,-1,0,-1,2,5,,,,,,,,,,2,1,4,1,,,,0,0,0,0,0,0,0,0,0,0,0,1,0,0,0,,0,0,0,0,0,0,0,0,0,0,0,1,0,0,0,,0,1,0,0,0,0,0,0,0,0,0,1,0,0,0,,9,12
7lNiyZMQdfbhvKezeTv5bL2XFaCFf2V+SASjc3kVnBY=,TRUE,TRUE,TRUE,Kolk,2352,Netherlands,3,1,1,1,3,3,1,,1,1,1,0,1,1,1,1,1,0,0,0,0,1,1,1,0,1,1,0,1,1,0,1,24,2,,2,1,TRUE,A,A,TRUE,1,1,1,1,0,0,1,-1,-1,1,1,0,0,-1,0,-1,7,5,1,1,1,1,1,1,,,,1,1,1,2,,,,0,0,0,0,0,0,0,0,0,0,0,0,0,0,0,0,0,0,0,0,0,0,0,0,0,0,0,0,0,0,0,0,0,0,0,0,0,0,0,0,0,0,1,0,1,0,0,0,8,16
9sCQgUm/lcPNZZik0sIBfxvHoESUtk81rJZrj6VFcws=,TRUE,TRUE,TRUE,Kolk,1220,Netherlands,3,2,1,3,3,3,1,,1,1,1,0,1,1,1,1,1,0,1,0,1,1,0,1,1,1,1,1,0,0,0,1,23,1,,2,2,TRUE,A,A,TRUE,1,1,1,1,1,1,1,1,0,1,1,1,1,0,0,-1,8,6,,,,,,,,,,1,1,1,1,2,,,0,0,0,0,0,0,0,0,0,0,0,1,0,0,0,0,0,0,0,0,0,0,0,0,0,0,0,1,0,0,0,0,0,0,0,0,0,0,0,0,0,0,0,0,0,0,0,0,10,17
GaKGcEN7+BOD0L+hNoGUoZ7tsK0LIjP4Hko3fuTouFU=,TRUE,TRUE,TRUE,Kolk,212,Netherlands,3,1,2,2,2,2,2,,0,0,1,1,1,0,0,0,0,0,1,0,1,1,0,0,0,1,0,0,1,0,0,0,23,3,Apacho attack helicopter,2,2,TRUE,A,A,TRUE,1,0,-1,-1,-1,-1,-1,-1,-1,1,1,0,-1,-1,0,-1,2,4,1,1,,,,,,,,1,1,2,,,,,0,1,0,0,0,0,0,0,0,0,0,1,0,0,0,0,0,1,0,0,0,0,0,0,0,0,0,1,0,0,0,0,0,1,0,0,0,0,0,0,0,0,0,0,0,0,0,0,8,8